Africa; Europe
South America; East Asia
Europe; Commonwealth of Independent States (CIS)
Africa; Europe
South America; East Asia
East Asia; South America; Oceania
West Asia; East Asia
Central America; East Asia
Middle East; Europe
Europe; Middle East
Middle East; Africa
Africa; Europe
Middle East; North America
Europe; East Asia
Middle East; East Asia
Central America; Caribbean; North America
Africa; Europe
Africa; North America
Oceania; East Asia
Europe; South America
Middle East; Europe
Africa; Europe
Europe; Africa
East Asia; North America
Oceania; East Asia
Oceania; North America
South America; Europe
Europe; Africa
South America; East Asia
East Asia; North America
South America; North America
Oceania; East Asia
Europe; Middle East
Europe; East Asia
North America; Central America
Europe; Middle East
Middle East; North America
Europe; North America
Europe; Middle East
Oceania; East Asia
Europe; North America
Middle East; North America
Europe; Africa
Europe; Africa
Europe; Middle East
Europe; Africa
Europe; Middle East
Europe; Africa
Middle East; Europe
North America; South America
Europe; Middle East
North America; Middle East
Europe; Middle East
Middle East; West Asia; Europe
Middle East; North America
Europe; Middle East
West Asia; East Asia
Caribbean; Central America; South America
Africa; South America; West Asia; Caribbean; East Asia; Middle East; North America; Central America
West Asia; South America; Africa; Middle East; East Asia; North America; Europe
Caribbean; Europe; Africa; South America; Oceania; North America
East Asia; West Asia
Oceania; East Asia
Oceania; South America
North America; Europe
North America; South America
Europe; East Asia
North America; East Asia
West Asia; East Asia
Oceania; East Asia
South America; Europe
Europe; South America
East Asia; Europe
South America; North America
Central America; North America
Middle East; North America
East Asia; North America
Oceania; East Asia
East Asia; West Asia
East Asia; Central America
East Asia; Central America
Oceania; East Asia
East Asia; West Asia
South America; East Asia
East Asia; Europe
Europe; Africa
East Asia; Oceania
East Asia; Oceania
South America; East Asia
Middle East; Europe
South America; West Asia
East Asia; Central America
South America; North America
Oceania; East Asia
South America; Europe
West Asia; East Asia
North America; Middle East
Europe; Commonwealth of Independent States (CIS)
Africa; Middle East
Europe; Commonwealth of Independent States (CIS)
Caribbean; Europe; Central America; South America
North America; Central America
Africa; Europe
Europe; Africa
South America; West Asia
East Asia; Europe
Commonwealth of Independent States (CIS); Europe
Africa; West Asia
East Asia; Oceania
East Asia; South America
East Asia; Oceania
East Asia; South America
East Asia; Central America
North America; South America
Europe; Central America
East Asia; Central America
Central America; East Asia
Europe; Africa
Europe; Commonwealth of Independent States (CIS)
South America; East Asia
East Asia; Europe
Europe; South America
North America; Commonwealth of Independent States (CIS)
South America; East Asia
East Asia; Europe
West Asia; East Asia
South America; East Asia
South America; Africa
Europe; Oceania
East Asia; South America
Central America; Europe
Africa; Europe
East Asia; Europe
Europe; Commonwealth of Independent States (CIS)
Europe; Commonwealth of Independent States (CIS)
Commonwealth of Independent States (CIS); Europe
Europe; Commonwealth of Independent States (CIS)
West Asia; East Asia
East Asia; Oceania
North America; Central America
Middle East; East Asia
Commonwealth of Independent States (CIS); Europe
Commonwealth of Independent States (CIS); East Asia
Europe; Africa
