,file,name,status,date_signed,date_into_force,date_notification,end_implementation,partyisocode,composition,region,parties_wto,crossregional,language,chapter_count,article_count,word_count,average_WxA
0,pta_218.xml,EC - Greece Additional Protocol,Inactive,1975-04-28,1975-07-01,1975-07-21,,"['BEL', 'IRL', 'NLD', 'DEU', 'LUX', 'DNK', 'FRA', 'GBR', 'ITA', None, 'GRC']",Plurilateral,Europe,Yes,No,en,5,20,1841,92.05
1,pta_230.xml,EC - Portugal Agreement of 1972,Inactive,1972-07-22,1973-01-01,1972-11-27,,"['PRT', 'BEL', 'IRL', 'NLD', 'DEU', 'LUX', 'DNK', 'FRA', 'GBR', 'ITA', None]",Plurilateral,Europe,Yes,No,en,2,40,3618,90.45
2,pta_224.xml,EC - Lebanon Cooperation Agreement,Inactive,1977-05-03,1978-11-01,,,"['LBN', 'BEL', 'IRL', 'NLD', 'DEU', 'LUX', 'DNK', 'FRA', 'GBR', 'ITA', None]",Plurilateral,Europe; Middle East,No,Yes,en,7,50,4386,87.72
3,pta_378.xml,Mauritius - Pakistan,In Force,2007-07-30,2007-11-30,2015-10-02,2008-12-30,"['PAK', 'MUS']",Bilateral,Africa; West Asia,Yes,Yes,en,3,27,2545,94.25925925925925
4,pta_344.xml,Turkey - Chile,In Force,2009-07-14,2011-03-01,2011-02-25,2017-12-31,"['CHL', 'TUR']",Bilateral,South America; Europe,Yes,Yes,en,8,68,9160,134.7058823529412
5,pta_422.xml,Russian Federation - Azerbaijan,In Force,1992-09-30,1993-02-17,2012-09-13,1993-12-31,"['AZE', 'RUS']",Bilateral,Commonwealth of Independent States (CIS),No,No,en,3,23,1889,82.1304347826087
6,pta_436.xml,New Zealand - Chinese Taipei,In Force,2013-07-10,2013-12-01,2013-11-25,2025-12-31,"['NZL', 'TWN']",Bilateral,East Asia; Oceania,Yes,Yes,en,27,257,39702,154.48249027237355
7,pta_350.xml,Iceland - Faroe Islands,In Force,2005-08-31,2006-11-01,2008-07-10,2006-12-31,"['ISL', 'FRO']",Bilateral,Europe,No,No,en,3,15,2370,158.0
8,pta_387.xml,Canada - Peru,In Force,2008-05-29,2009-08-01,2009-07-31,2025-12-31,"['PER', 'CAN']",Bilateral,North America; South America,Yes,Yes,en,25,283,57715,203.9399293286219
9,pta_393.xml,Chile - Viet Nam,In Force,2011-11-11,2014-01-01,2015-05-12,2029-12-31,"['CHL', 'VNM']",Bilateral,South America; East Asia,Yes,Yes,en,16,115,15552,135.23478260869564
10,pta_146.xml,Canada - Rep. of Korea,In Force,2014-09-22,2015-01-01,2015-01-20,2035-12-31,"['KOR', 'CAN']",Bilateral,North America; East Asia,Yes,Yes,en,25,310,60884,196.4
11,pta_152.xml,ASEAN - Japan,In Force,2008-03-26,2008-12-01,2009-11-23,2026-12-31,"['MMR', 'MYS', 'THA', 'IDN', 'BRN', 'LAO', 'KHM', 'PHL', 'VNM', 'SGP', 'JPN']",Bilateral; One Party is an RTA,East Asia,Yes,No,en,12,82,13460,164.14634146341464
12,pta_22.xml,Mexico - Northern Triangle,Inactive,2000-06-29,2001-03-15,2006-07-03,2012-12-30,"['HND', 'SLV', 'MEX', 'GTM']",Bilateral,Central America; North America,Yes,Yes,es,23,328,69671,212.41158536585365
13,pta_185.xml,Bulgaria - Turkey,Inactive,1998-07-11,1999-01-01,1999-05-04,,"['BGR', 'TUR', None]",Bilateral,Europe,Yes,No,en,5,42,4735,112.73809523809524
14,pta_191.xml,Central European Free Trade Agreement (CEFTA) - Accession of Romania,Inactive,1997-04-12,1997-07-01,1998-01-08,,"['SVN', 'CZE', 'SVK', 'ROU', None, 'POL', 'HUN']",Plurilateral,Europe,Yes,No,en,3,16,1216,76.0
15,pta_36.xml,Thailand - Australia,In Force,2004-07-05,2005-01-01,2004-12-27,2025-12-31,"['THA', 'AUS']",Bilateral,Oceania; East Asia,Yes,Yes,en,21,164,25403,154.89634146341464
16,pta_190.xml,Central European Free Trade Agreement (CEFTA) - Accession of Bulgaria,Inactive,1998-07-17,1999-01-01,1999-03-24,,"['SVN', 'BGR', 'CZE', 'SVK', 'ROU', None, 'POL', 'HUN']",Plurilateral,Europe,Yes,No,en,3,14,1332,95.14285714285714
17,pta_37.xml,US - Australia,In Force,2004-05-18,2005-01-01,2004-12-22,2023-12-31,"['USA', 'AUS']",Bilateral,Oceania; North America,Yes,Yes,en,25,248,59670,240.6048387096774
18,pta_23.xml,Dominican Republic - Central America - United States Free Trade Agreement (CAFTA-DR),In Force,2004-08-05,2006-03-01,2006-03-17,2025-12-31,"['USA', 'SLV', 'NIC', 'HND', 'DOM', 'GTM', 'CRI']",Plurilateral,Central America; Caribbean; North America,Yes,Yes,en,24,279,75647,271.1362007168459
19,pta_184.xml,Bulgaria - Slovenia,Inactive,1996-11-22,1997-01-01,1997-02-20,,"['SVN', 'BGR', None]",Bilateral,Europe,Yes,No,en,5,39,4486,115.02564102564102
20,pta_153.xml,EFTA - Colombia,In Force,2008-11-25,2011-07-01,2011-09-14,2027-12-31,"['ISL', 'COL', 'CHE', 'LIE', 'NOR']",Bilateral; One Party is an RTA,South America; Europe,Yes,Yes,en,15,147,26960,183.40136054421768
21,pta_147.xml,"ASEAN - Korea, Republic of",In Force,2006-08-24,2010-01-01,,2024-12-30,"['MMR', 'MYS', 'THA', 'IDN', 'BRN', 'KOR', 'LAO', 'KHM', 'PHL', 'VNM', 'SGP']",Bilateral; One Party is an RTA,East Asia,Yes,No,en,3,23,3997,173.7826086956522
22,pta_392.xml,EU - Ukraine,In Force,2014-06-27,2014-04-23,2014-07-01,2026-12-31,"['ESP', 'CYP', 'DEU', 'CZE', 'SVK', 'SWE', 'AUT', 'ROU', 'HUN', 'EST', 'BGR', 'LTU', 'LUX', 'DNK', 'FRA', 'GBR', 'MLT', 'SVN', 'PRT', 'BEL', 'IRL', 'NLD', 'UKR', 'FIN', 'POL', 'HRV', 'ITA', 'GRC', 'LVA']",Bilateral; One Party is an RTA,Europe; Commonwealth of Independent States (CIS),Yes,Yes,en,51,489,78163,159.84253578732105
23,pta_386.xml,Nicaragua - Chinese Taipei,In Force,2006-06-16,2008-01-01,2009-07-09,2022-12-31,"['NIC', 'TWN']",Bilateral,East Asia; Central America,Yes,Yes,en,26,277,52076,188.0
24,pta_437.xml,El Salvador - Cuba,In Force,2011-09-19,2012-08-01,2013-11-27,2012-12-30,"['SLV', 'CUB']",Bilateral,Caribbean; Central America,Yes,Yes,es,18,37,3994,107.94594594594595
25,pta_351.xml,Brunei Darussalam - Japan,In Force,2007-06-18,2008-07-31,2008-07-31,2023-12-31,"['BRN', 'JPN']",Bilateral,East Asia,Yes,No,en,13,124,23592,190.25806451612902
26,pta_345.xml,India - Malaysia,In Force,2011-02-18,2011-07-01,2011-09-06,2019-12-31,"['IND', 'MYS']",Bilateral,West Asia; East Asia,Yes,Yes,en,18,188,32039,170.42021276595744
27,pta_423.xml,Russian Federation - Kazakhstan,Inactive,1992-10-22,1993-06-07,2012-09-13,1993-12-31,"['RUS', 'KAZ']",Bilateral,Commonwealth of Independent States (CIS),Yes,No,en,3,25,2204,88.16
28,pta_379.xml,Rep. of Korea - New Zealand,In Force,2015-03-23,2015-12-20,2015-12-21,2034-12-31,"['NZL', 'KOR']",Bilateral,East Asia; Oceania,Yes,Yes,en,23,254,51164,201.43307086614172
29,pta_225.xml,EC - Lithuania,Inactive,1994-07-18,1995-01-01,1995-09-26,,"['ESP', 'PRT', 'BEL', 'IRL', 'LTU', 'DEU', 'LUX', 'NLD', 'DNK', 'FRA', 'GBR', 'ITA', None, 'GRC']",Plurilateral,Europe,Yes,No,en,8,52,5803,111.59615384615384
30,pta_231.xml,EC - Romania Europe Agreement,Inactive,1993-02-01,1995-02-01,1994-12-23,,"['ESP', 'PRT', 'BEL', 'IRL', 'NLD', 'DEU', 'LUX', 'DNK', 'FRA', 'GBR', 'ITA', 'ROU', 'GRC', None]",Plurilateral,Europe,Yes,No,en,19,127,15980,125.8267716535433
31,pta_219.xml,EEC - Greece Association Agreement,Inactive,1961-07-09,1962-11-01,1961-11-02,,"['BEL', 'NLD', 'DEU', 'LUX', 'FRA', 'ITA', None, 'GRC']",Plurilateral,Europe,Yes,No,en,10,79,10790,136.58227848101265
32,pta_227.xml,EC - Morocco Association Agreement of 1969,Inactive,1969-03-31,1969-09-01,1969-07-11,,"['BEL', 'NLD', 'DEU', 'LUX', 'MAR', 'FRA', 'ITA', None]",Plurilateral,Europe; Africa,Yes,Yes,en,4,19,1291,67.94736842105263
33,pta_233.xml,EC - Slovak Republic Europe Agreement,Inactive,1993-10-04,1995-02-01,1996-05-13,,"['ESP', 'PRT', 'BEL', 'IRL', 'NLD', 'DEU', 'LUX', 'DNK', 'SVK', 'FRA', 'GBR', 'ITA', None, 'GRC']",Plurilateral,Europe,Yes,No,en,18,124,15189,122.49193548387096
34,pta_409.xml,Southern Common Market (MERCOSUR) - Southern African Customs Union (SACU),In Force,2008-12-15,2016-04-01,2017-07-19,,"['BRA', 'ZAF', 'BWA', 'ARG', 'SWZ', 'LSO', 'URY', 'PRY', 'NAM']",Bilateral; All Parties are RTAs,South America; Africa,Yes,Yes,en,20,43,15697,365.04651162790697
35,pta_353.xml,Ukraine - Azerbaijan,In Force,1995-07-28,1996-09-02,2008-08-18,1996-12-30,"['AZE', 'UKR']",Bilateral,Commonwealth of Independent States (CIS),No,No,en,3,16,1564,97.75
36,pta_435.xml,India - Thailand,In Force,2003-10-09,2004-09-01,2017-06-18,,"['IND', 'THA']",Bilateral,West Asia; East Asia,Yes,Yes,en,3,16,2248,140.5
37,pta_421.xml,Russian Federation - Republic of Moldova,Inactive,1993-02-09,1993-03-30,2012-09-13,1993-12-31,"['RUS', 'MDA']",Bilateral,Commonwealth of Independent States (CIS),Yes,No,en,3,23,1989,86.47826086956522
38,pta_347.xml,Pakistan - Sri Lanka,In Force,2002-08-01,2005-06-12,2008-06-11,2011-12-31,"['PAK', 'LKA']",Bilateral,West Asia,Yes,No,en,3,19,2054,108.10526315789474
39,pta_390.xml,Costa Rica - Singapore,In Force,2010-04-06,2013-07-01,2013-09-16,2022-12-31,"['CRI', 'SGP']",Bilateral,Central America; East Asia,Yes,Yes,en,21,206,35248,171.10679611650485
40,pta_384.xml,China - New Zealand,In Force,2008-04-07,2008-10-01,2009-04-21,2019-12-31,"['CHN', 'NZL']",Bilateral,East Asia; Oceania,Yes,Yes,en,20,216,31862,147.50925925925927
41,pta_179.xml,Bulgaria - Israel,Inactive,2001-06-08,2002-01-01,2003-04-14,,"['BGR', None, 'ISR']",Bilateral,Europe; Middle East,Yes,Yes,en,5,43,4856,112.93023255813954
42,pta_151.xml,Japan - Australia,In Force,2014-07-08,2015-01-15,2015-01-12,2034-12-31,"['JPN', 'AUS']",Bilateral,Oceania; East Asia,Yes,Yes,en,22,276,47432,171.85507246376812
43,pta_145.xml,"EU - Korea, Republic of",In Force,2010-10-06,2011-07-01,2011-07-07,2031-12-31,"['ESP', 'CYP', 'DEU', 'CZE', 'SVK', 'SWE', 'AUT', 'ROU', 'HUN', 'EST', 'BGR', 'LTU', 'LUX', 'KOR', 'DNK', 'FRA', 'GBR', 'MLT', 'SVN', 'PRT', 'BEL', 'IRL', 'NLD', 'FIN', 'POL', 'HRV', 'ITA', 'GRC', 'LVA']",Bilateral; One Party is an RTA,Europe; East Asia,Yes,Yes,en,17,275,44179,160.6509090909091
44,pta_35.xml,Panama - Central America,In Force,2002-03-06,2003-04-11,2005-02-24,2013-12-31,"['PAN', 'SLV', 'NIC', 'HND', 'GTM', 'CRI']",Bilateral,Central America,Yes,No,es,24,252,56793,225.36904761904762
45,pta_192.xml,Central European Free Trade Agreement (CEFTA) - Accession of Slovenia,Inactive,1995-11-25,1996-01-01,1998-01-08,,"['SVN', 'CZE', 'SVK', None, 'POL', 'HUN']",Plurilateral,Europe,Yes,No,en,3,12,1224,102.0
46,pta_186.xml,Canada - US Free Trade Agreement (CUSFTA),Inactive,1988-01-02,1989-01-01,1989-01-27,,"[None, 'USA', 'CAN']",Bilateral,North America,Yes,No,en,23,151,27114,179.56291390728478
47,pta_21.xml,Jordan - Singapore,In Force,2004-05-16,2005-08-22,2006-07-07,2014-12-31,"['JOR', 'SGP']",Bilateral,Middle East; East Asia,Yes,Yes,en,10,73,11613,159.08219178082192
48,pta_187.xml,Caribbean Free Trade Association (CARIFTA),Inactive,1965-12-15,1968-05-01,1968-10-22,,"['GRD', 'VCT', 'ATG', 'LCA', 'DMA', 'TTO', 'MSR', None, 'JAM', 'KNA', 'BRB', 'GUY']",Plurilateral,Caribbean; South America,No,Yes,en,2,40,7776,194.4
49,pta_20.xml,Japan - Malaysia,In Force,2005-12-13,2006-07-13,2006-07-12,2021-12-31,"['JPN', 'MYS']",Bilateral,East Asia,Yes,No,en,16,161,27469,170.61490683229815
50,pta_34.xml,Japan - Mexico,In Force,2004-09-17,2005-04-01,2005-03-31,2015-12-31,"['JPN', 'MEX']",Bilateral,East Asia; North America,Yes,Yes,en,20,179,30465,170.19553072625698
51,pta_193.xml,Croatia - Albania,Inactive,2002-09-27,2003-06-01,2004-03-31,,"['ALB', None, 'HRV']",Bilateral,Europe,Yes,No,en,6,42,4798,114.23809523809524
52,pta_144.xml,Canada - Colombia,In Force,2008-11-21,2011-08-15,2011-10-07,2032-12-30,"['COL', 'CAN']",Bilateral,North America; South America,Yes,Yes,en,25,279,59716,214.0358422939068
53,pta_150.xml,India - Japan,In Force,2011-02-16,2011-08-01,2011-09-14,2026-12-31,"['IND', 'JPN']",Bilateral,West Asia; East Asia,Yes,Yes,en,17,149,24862,166.85906040268458
54,pta_178.xml,Bulgaria - Former Yugoslav Republic of Macedonia,Inactive,1999-10-13,2000-01-01,2000-02-18,,"['BGR', None, 'MKD']",Bilateral,Europe,Yes,No,en,5,41,4814,117.41463414634147
55,pta_385.xml,Peru - China,In Force,2009-04-28,2010-03-01,2010-03-03,2026-12-31,"['CHN', 'PER']",Bilateral,East Asia; South America,Yes,Yes,en,19,203,31364,154.5024630541872
56,pta_391.xml,EU - Cameroon,In Force,2009-01-15,2014-08-04,2009-09-24,2023-12-31,"['ESP', 'CYP', 'DEU', 'CZE', 'SVK', 'SWE', 'AUT', 'ROU', 'HUN', 'EST', 'CMR', 'BGR', 'LTU', 'LUX', 'DNK', 'FRA', 'GBR', 'MLT', 'SVN', 'PRT', 'BEL', 'IRL', 'NLD', 'FIN', 'POL', 'HRV', 'ITA', 'GRC', 'LVA']",Bilateral; One Party is an RTA,Europe; Africa,Yes,Yes,en,22,109,16876,154.8256880733945
57,pta_420.xml,Russian Federation - Belarus,Inactive,1992-11-13,1993-04-20,2012-09-13,1993-12-31,"['RUS', 'BLR']",Bilateral,Commonwealth of Independent States (CIS),No,No,en,3,22,1972,89.63636363636364
58,pta_346.xml,Turkey - Albania,In Force,2006-12-22,2008-05-01,2008-05-09,2013-12-31,"['ALB', 'TUR']",Bilateral,Europe,Yes,No,en,6,38,4258,112.05263157894737
59,pta_352.xml,Canada - Jordan,In Force,2009-06-28,2012-10-01,2013-04-10,2016-12-30,"['JOR', 'CAN']",Bilateral,North America; Middle East,Yes,Yes,en,18,106,20318,191.67924528301887
60,pta_434.xml,Ukraine - Montenegro,In Force,2011-11-18,2013-01-01,2013-04-25,2013-12-31,"['UKR', 'MNE']",Bilateral,Europe; Commonwealth of Independent States (CIS),Yes,Yes,en,8,62,7359,118.69354838709677
61,pta_408.xml,"Hong Kong, China - Chile",In Force,2012-12-07,2014-10-09,2014-10-15,2016-12-30,"['CHL', 'HKG']",Bilateral,South America; East Asia,Yes,Yes,en,21,172,26036,151.37209302325581
62,pta_232.xml,EC - Romania Interim Agreement,Inactive,1993-02-01,1993-05-01,1994-12-23,,"['ESP', 'PRT', 'BEL', 'IRL', 'NLD', 'DEU', 'LUX', 'DNK', 'FRA', 'GBR', 'ITA', 'ROU', 'GRC', None]",Plurilateral,Europe,Yes,No,en,8,53,5146,97.09433962264151
63,pta_226.xml,EC - Malta Association Agreement,Inactive,1970-12-05,1971-04-01,1971-03-24,,"['BEL', 'NLD', 'DEU', 'LUX', 'FRA', 'ITA', 'MLT', None]",Plurilateral,Europe,Yes,No,en,4,20,1442,72.1
64,pta_222.xml,EC - Israel Agreement of 1970,Inactive,1970-06-29,1970-10-01,1970-09-07,,"['BEL', 'NLD', 'DEU', 'LUX', 'FRA', 'ITA', None, 'ISR']",Plurilateral,Europe; Middle East,Yes,Yes,en,4,23,1371,59.608695652173914
65,pta_236.xml,EC - Slovenia Interim Agreement,Inactive,1996-11-11,1997-01-01,1996-12-12,,"['SVN', 'ESP', 'PRT', 'BEL', 'IRL', 'NLD', 'DEU', 'LUX', 'DNK', 'FRA', 'GBR', 'ITA', None, 'GRC']",Plurilateral,Europe,Yes,No,en,8,52,5589,107.48076923076923
66,pta_430.xml,Russian Federation - Serbia,In Force,2000-08-28,2006-06-03,2012-12-21,2010-12-31,"['SRB', 'RUS']",Bilateral,Commonwealth of Independent States (CIS); Europe,No,Yes,en,3,23,2339,101.69565217391305
67,pta_356.xml,Ukraine - Former Yugoslav Republic of Macedonia,In Force,2001-01-18,2001-07-05,2008-08-18,2010-12-31,"['UKR', 'MKD']",Bilateral,Europe; Commonwealth of Independent States (CIS),Yes,Yes,en,5,39,4249,108.94871794871794
68,pta_342.xml,US - Colombia,In Force,2006-11-22,2012-05-15,2012-05-08,2030-12-31,"['USA', 'COL']",Bilateral,South America; North America,Yes,Yes,en,25,282,74206,263.1418439716312
69,pta_424.xml,Russian Federation - Tajikistan,Inactive,1992-10-10,1993-04-08,2012-09-13,1993-12-31,"['RUS', 'TJK']",Bilateral,Commonwealth of Independent States (CIS),Yes,No,en,3,21,1768,84.19047619047619
70,pta_418.xml,Turkey - Mauritius,In Force,2011-09-09,2013-06-01,2013-05-30,2022-12-31,"['TUR', 'MUS']",Bilateral,Africa; Europe,Yes,Yes,en,7,38,5125,134.8684210526316
71,pta_395.xml,EU - Colombia and Peru,In Force,2012-06-26,2013-03-01,2013-02-26,2031-12-31,"['COL', 'ESP', 'PER', 'CYP', 'DEU', 'CZE', 'SVK', 'SWE', 'AUT', 'ROU', 'HUN', 'ECU', 'EST', 'BGR', 'LTU', 'LUX', 'DNK', 'FRA', 'GBR', 'MLT', 'SVN', 'PRT', 'BEL', 'IRL', 'NLD', 'FIN', 'POL', 'HRV', 'ITA', 'GRC', 'LVA']",Plurilateral; One Party is an RTA,Europe; South America,Yes,Yes,en,38,339,61326,180.90265486725664
72,pta_381.xml,Colombia - Mexico,In Force,1994-06-13,1995-01-01,2010-09-13,2020-12-30,"['MEX', 'COL']",Bilateral,South America; North America,Yes,Yes,es,24,331,68384,206.59818731117824
73,pta_154.xml,EFTA - Peru,In Force,2010-06-24,2011-07-01,2011-06-30,2027-12-31,"['ISL', 'PER', 'CHE', 'LIE', 'NOR']",Bilateral; One Party is an RTA,Europe; South America,Yes,Yes,en,15,136,22579,166.02205882352942
74,pta_140.xml,EU - Montenegro,In Force,2007-10-15,2008-01-01,2008-01-16,2013-12-31,"['ESP', 'CYP', 'DEU', 'CZE', 'SVK', 'SWE', 'AUT', 'ROU', 'HUN', 'EST', 'BGR', 'LTU', 'LUX', 'DNK', 'FRA', 'GBR', 'MLT', 'SVN', 'PRT', 'BEL', 'IRL', 'NLD', 'FIN', 'POL', 'HRV', 'ITA', 'GRC', 'LVA', 'MNE']",Bilateral; One Party is an RTA,Europe,Yes,No,en,8,62,8583,138.43548387096774
75,pta_168.xml,Albania - Moldova,Inactive,2003-11-13,2004-11-01,2004-12-20,,"['ALB', 'MDA', None]",Bilateral,Europe; Commonwealth of Independent States (CIS),Yes,Yes,en,5,41,5202,126.8780487804878
76,pta_197.xml,Czech Republic - Bulgaria Free Trade Agreement,Inactive,1995-12-15,1996-06-07,1997-05-29,,"['BGR', None, 'CZE']",Bilateral,Europe,Yes,No,en,5,41,4604,112.29268292682927
77,pta_30.xml,Turkey - Palestinian Authority,In Force,2004-07-20,2005-06-01,2005-09-01,2005-12-31,"['TUR', 'PSE']",Bilateral,Middle East; Europe,No,Yes,en,7,54,5495,101.75925925925925
78,pta_24.xml,"Korea, Republic of - Singapore",In Force,2005-08-04,2006-03-02,2006-02-21,2016-12-30,"['SGP', 'KOR']",Bilateral,East Asia,Yes,No,en,24,215,39074,181.73953488372092
79,pta_183.xml,Bulgaria - Slovak Republic Free Trade Agreement,Inactive,1995-12-08,1996-03-11,1997-05-29,,"['SVK', 'BGR', None]",Bilateral,Europe,Yes,No,en,5,41,4640,113.17073170731707
80,pta_18.xml,Costa Rica - Mexico,Inactive,1994-04-05,1995-01-01,2006-07-17,2009-12-31,"['CRI', 'MEX']",Bilateral,Central America; North America,Yes,Yes,es,21,302,72945,241.53973509933775
81,pta_19.xml,"EFTA - Korea, Republic of",In Force,2005-12-15,2006-09-01,2006-08-23,2016-12-30,"['ISL', 'KOR', 'CHE', 'LIE', 'NOR']",Bilateral; One Party is an RTA,Europe; East Asia,Yes,Yes,en,12,90,10897,121.07777777777778
82,pta_25.xml,Turkey - Morocco,In Force,2004-04-07,2006-01-01,2006-02-10,2015-12-31,"['TUR', 'MAR']",Bilateral,Africa; Europe,Yes,Yes,en,6,39,4340,111.28205128205128
83,pta_182.xml,Bulgaria - Serbia and Montenegro,Inactive,2003-11-13,2004-06-01,2005-03-11,,"['SRB', 'BGR', None, 'MNE']",Plurilateral,Europe,No,No,en,6,41,5014,122.29268292682927
84,pta_196.xml,Croatia - Serbia and Montenegro,Inactive,2004-01-14,2004-07-01,2005-09-22,,"['SRB', 'MNE', None, 'HRV']",Plurilateral,Europe,No,No,en,3,14,751,53.642857142857146
85,pta_31.xml,Turkey - Tunisia,In Force,2004-11-25,2005-07-01,2005-09-01,2014-12-31,"['TUN', 'TUR']",Bilateral,Africa; Europe,Yes,Yes,en,8,54,5084,94.14814814814815
86,pta_169.xml,Albania - Romania,Inactive,2003-06-01,2004-01-01,2004-12-14,,"['ALB', None, 'ROU']",Bilateral,Europe,Yes,No,en,6,42,4398,104.71428571428571
87,pta_141.xml,Australia - China,In Force,2015-06-17,2015-12-20,2016-01-26,2029-12-31,"['CHN', 'AUS']",Bilateral,Oceania; East Asia,Yes,Yes,en,19,224,36759,164.10267857142858
88,pta_155.xml,Japan - Switzerland,In Force,2009-02-19,2009-09-01,2009-09-01,2024-12-30,"['JPN', 'CHE']",Bilateral,East Asia; Europe,Yes,Yes,en,18,156,26415,169.32692307692307
89,pta_380.xml,"Peru - Korea, Republic of",In Force,2011-03-21,2011-08-01,2011-08-09,2027-12-31,"['KOR', 'PER']",Bilateral,East Asia; South America,Yes,Yes,en,27,309,54355,175.9061488673139
90,pta_394.xml,"EFTA - Hong Kong, China",In Force,2011-06-21,2012-10-01,2012-09-27,2012-12-30,"['HKG', 'ISL', 'CHE', 'LIE', 'NOR']",Bilateral; One Party is an RTA,East Asia; Europe,Yes,Yes,en,13,89,12808,143.91011235955057
91,pta_419.xml,Turkey - Malaysia,In Force,2014-04-17,2015-08-01,2017-02-20,,"['TUR', 'MYS']",Bilateral,East Asia; Europe,Yes,Yes,en,16,166,23216,139.85542168674698
92,pta_343.xml,"Korea, Republic of - Australia",In Force,2014-04-08,2014-12-12,2014-12-22,2033-12-31,"['KOR', 'AUS']",Bilateral,Oceania; East Asia,Yes,Yes,en,25,307,60321,196.48534201954396
93,pta_425.xml,Japan - Mongolia,In Force,2015-02-10,2016-06-07,2016-06-01,2036-12-30,"['MNG', 'JPN']",Bilateral,East Asia,Yes,No,en,18,203,30960,152.51231527093597
94,pta_431.xml,Russian Federation - Uzbekistan,In Force,1992-11-13,1993-03-25,2013-01-18,1993-12-31,"['RUS', 'UZB']",Bilateral,Commonwealth of Independent States (CIS),No,No,en,3,20,1489,74.45
95,pta_357.xml,Ukraine - Moldova,In Force,2003-11-13,2005-05-19,2008-08-18,2008-12-30,"['UKR', 'MDA']",Bilateral,Commonwealth of Independent States (CIS),Yes,No,en,6,34,2841,83.55882352941177
96,pta_237.xml,EC - Spain Agreement of 1970,Inactive,1970-06-29,1970-10-01,1970-09-07,,"['ESP', 'BEL', 'NLD', 'DEU', 'LUX', 'FRA', 'ITA', None]",Plurilateral,Europe,Yes,No,en,4,21,1339,63.76190476190476
97,pta_223.xml,EC - Latvia Agreement,Inactive,1994-07-18,1995-01-01,1995-06-30,,"['ESP', 'PRT', 'BEL', 'IRL', 'NLD', 'DEU', 'LUX', 'DNK', 'FRA', 'GBR', 'ITA', None, 'GRC', 'LVA']",Plurilateral,Europe,Yes,No,en,19,131,17202,131.31297709923663
98,pta_235.xml,EC - Slovenia Europe Agreement,Inactive,1996-06-10,1999-02-01,,,"['SVN', 'ESP', 'PRT', 'BEL', 'IRL', 'NLD', 'DEU', 'LUX', 'DNK', 'FRA', 'GBR', 'ITA', None, 'GRC']",Plurilateral,Europe,Yes,No,en,20,132,16579,125.59848484848484
99,pta_221.xml,EC - Hungary Interim Agreement of 1991,Inactive,1991-12-16,1992-03-01,1992-04-03,,"['ESP', 'PRT', 'BEL', 'IRL', 'NLD', 'DEU', 'LUX', 'DNK', 'FRA', 'GBR', 'ITA', None, 'GRC', 'HUN']",Plurilateral,Europe,Yes,No,en,6,49,5184,105.79591836734694
100,pta_209.xml,EC - Bulgaria Interim Agreement,Inactive,1993-03-08,1993-12-31,1994-12-23,,"['ESP', 'PRT', 'BEL', 'IRL', 'BGR', 'DEU', 'LUX', 'NLD', 'DNK', 'FRA', 'GBR', 'ITA', None, 'GRC']",Plurilateral,Europe,Yes,No,en,8,53,5163,97.41509433962264
101,pta_427.xml,EU - Georgia,In Force,2014-06-27,2014-09-01,2014-07-02,2024-12-30,"['ESP', 'CYP', 'DEU', 'CZE', 'GEO', 'SVK', 'SWE', 'AUT', 'ROU', 'HUN', 'EST', 'BGR', 'LTU', 'LUX', 'DNK', 'FRA', 'GBR', 'MLT', 'SVN', 'PRT', 'BEL', 'IRL', 'NLD', 'FIN', 'POL', 'HRV', 'ITA', 'GRC', 'LVA']",Bilateral; One Party is an RTA,Europe; Commonwealth of Independent States (CIS),Yes,Yes,en,51,433,66492,153.56120092378754
102,pta_341.xml,El Salvador- Honduras - Chinese Taipei,In Force,2007-05-07,2008-03-01,2010-04-06,2027-12-31,"['HND', 'SLV', 'TWN']",Plurilateral,East Asia; Central America,Yes,Yes,en,20,209,39767,190.27272727272728
103,pta_355.xml,Ukraine - Kazakhstan,In Force,1994-09-17,1998-10-19,2008-08-18,1998-12-31,"['UKR', 'KAZ']",Bilateral,Commonwealth of Independent States (CIS),Yes,No,en,3,15,1614,107.6
104,pta_433.xml,Mexico - Central America,In Force,2011-11-22,2012-09-01,2014-01-20,2022-12-31,"['SLV', 'NIC', 'HND', 'GTM', 'CRI', 'MEX']",Plurilateral,Central America; North America,Yes,Yes,es,22,276,66066,239.3695652173913
105,pta_369.xml,Canada - Panama,In Force,2010-05-14,2013-04-01,2013-04-10,2031-12-31,"['PAN', 'CAN']",Bilateral,North America; Central America,Yes,Yes,en,26,245,52941,216.0857142857143
106,pta_382.xml,Mexico - Uruguay,In Force,2003-11-15,2004-07-15,2013-06-28,2013-12-31,"['URY', 'MEX']",Bilateral,North America; South America,Yes,Yes,es,11,131,30859,235.5648854961832
107,pta_396.xml,Canada - Ukraine,In Force,2016-07-11,2017-08-01,,,"['UKR', 'CAN']",Bilateral,North America; Commonwealth of Independent States (CIS),Yes,Yes,en,21,216,37892,175.42592592592592
108,pta_143.xml,EFTA - Canada,In Force,2008-01-26,2009-07-01,2009-08-04,2024-12-30,"['ISL', 'CHE', 'LIE', 'NOR', 'CAN']",Bilateral; One Party is an RTA,North America; Europe,Yes,Yes,en,11,45,6634,147.42222222222222
109,pta_157.xml,US - Panama,In Force,2007-06-28,2012-10-31,2012-10-29,2031-12-31,"['PAN', 'USA']",Bilateral,Central America; North America,Yes,Yes,en,24,282,72666,257.6808510638298
110,pta_180.xml,Bulgaria - Latvia,Inactive,2002-10-16,2003-04-01,2003-04-08,,"['BGR', 'LVA', None]",Bilateral,Europe,Yes,No,en,5,38,4780,125.78947368421052
111,pta_27.xml,Thailand - New Zealand,In Force,2005-04-19,2005-07-01,2005-12-01,2020-12-30,"['NZL', 'THA']",Bilateral,Oceania; East Asia,Yes,Yes,en,20,152,22587,148.59868421052633
112,pta_33.xml,EFTA - Tunisia,In Force,2004-12-17,2005-06-01,2005-06-03,2023-12-31,"['ISL', 'TUN', 'CHE', 'LIE', 'NOR']",Bilateral; One Party is an RTA,Europe; Africa,Yes,Yes,en,12,48,5589,116.4375
113,pta_194.xml,Croatia - Bosnia and Herzegovina,Inactive,2000-12-19,2001-01-01,2003-10-06,,"['BIH', None, 'HRV']",Bilateral,Europe,No,No,en,5,41,5280,128.78048780487805
114,pta_32.xml,Economic Community of West African States (ECOWAS),In Force,1993-07-24,1993-07-24,2005-07-06,2000-12-30,"['TGO', 'MLI', 'BFA', 'SLE', 'NGA', 'NER', 'GHA', 'SEN', 'CPV', 'GNB', 'CIV', 'GMB', 'LBR', 'BEN', 'GIN']",Plurilateral,Africa,No,No,en,24,95,12084,127.2
115,pta_195.xml,Croatia - Former Yugoslav Republic of Macedonia,Inactive,1997-05-09,1997-10-30,2005-04-01,,"['MKD', None, 'HRV']",Bilateral,Europe,Yes,No,en,5,40,4593,114.825
116,pta_181.xml,Bulgaria - Lithuania,Inactive,2001-05-08,2002-03-01,2003-04-30,,"['LTU', 'BGR', None]",Bilateral,Europe,Yes,No,en,6,40,5236,130.9
117,pta_26.xml,US - Morocco,In Force,2004-06-15,2006-01-01,2005-12-30,2030-12-31,"['USA', 'MAR']",Bilateral,Africa; North America,Yes,Yes,en,24,229,57789,252.35371179039302
118,pta_156.xml,US - Peru,In Force,2006-04-12,2009-02-01,2009-02-03,2025-12-31,"['USA', 'PER']",Bilateral,South America; North America,Yes,Yes,en,25,279,74207,265.97491039426524
119,pta_142.xml,Australia - Chile,In Force,2008-07-30,2009-03-06,2009-03-03,2015-12-31,"['CHL', 'AUS']",Bilateral,Oceania; South America,Yes,Yes,en,25,293,51555,175.9556313993174
120,pta_397.xml,"Korea, Republic of -  Colombia",In Force,2013-02-21,2016-07-15,2016-10-05,2034-12-31,"['KOR', 'COL']",Bilateral,South America; East Asia,Yes,Yes,en,24,276,54412,197.14492753623188
121,pta_383.xml,Peru - Mexico,In Force,2011-04-06,2012-02-01,2012-02-22,2023-12-31,"['MEX', 'PER']",Bilateral,North America; South America,Yes,Yes,es,21,244,52456,214.98360655737704
122,pta_368.xml,EU - CARIFORUM States EPA,In Force,2008-10-15,2008-11-01,2008-10-16,2033-12-31,"['ESP', 'CYP', 'DEU', 'CZE', 'TTO', 'SVK', 'SWE', 'AUT', 'ROU', 'BLZ', 'BRB', 'GUY', 'HUN', 'SUR', 'VCT', 'EST', 'BGR', 'LTU', 'LUX', 'DNK', 'FRA', 'GBR', 'MLT', 'JAM', 'BHS', 'SVN', 'PRT', 'BEL', 'IRL', 'NLD', 'DMA', 'DOM', 'FIN', 'KNA', 'POL', 'HRV', 'GRD', 'ATG', 'LCA', 'ITA', 'GRC', 'LVA']",Plurilateral; One Party is an RTA,Caribbean; Europe; Central America; South America,No,Yes,en,29,253,48211,190.55731225296444
123,pta_354.xml,Ukraine - Belarus,In Force,1992-12-17,2006-11-11,2008-08-18,2006-12-31,"['UKR', 'BLR']",Bilateral,Commonwealth of Independent States (CIS),No,No,en,3,18,1799,99.94444444444444
124,pta_432.xml,Russian Federation - Turkmenistan,In Force,1992-11-11,1993-04-06,2013-01-18,1993-12-31,"['TKM', 'RUS']",Bilateral,Commonwealth of Independent States (CIS),No,No,en,3,21,1715,81.66666666666667
125,pta_426.xml,East African Community (EAC) - Accession of Burundi and Rwanda,In Force,2007-06-18,2007-07-01,2012-08-01,,"['KEN', 'RWA', 'BDI', 'UGA', 'TZA']",Plurilateral,Africa,Yes,No,en,3,14,1140,81.42857142857143
126,pta_340.xml,MERCOSUR - India,In Force,2004-01-25,2009-06-01,2010-02-23,2009-12-31,"['BRA', 'ARG', 'IND', 'URY', 'PRY']",Bilateral; One Party is an RTA,South America; West Asia,Yes,Yes,en,20,36,1774,49.27777777777778
127,pta_208.xml,EC - Bulgaria Europe Agreement,Inactive,1993-03-08,1995-02-01,1994-12-23,,"['ESP', 'PRT', 'BEL', 'IRL', 'BGR', 'DEU', 'LUX', 'NLD', 'DNK', 'FRA', 'GBR', 'ITA', None, 'GRC']",Plurilateral,Europe,Yes,No,en,19,126,15765,125.11904761904762
128,pta_220.xml,EC - Hungary Europe Agreement,Inactive,1991-12-16,1994-02-01,1992-04-03,,"['ESP', 'PRT', 'BEL', 'IRL', 'NLD', 'DEU', 'LUX', 'DNK', 'FRA', 'GBR', 'ITA', None, 'GRC', 'HUN']",Plurilateral,Europe,Yes,No,en,19,125,14925,119.4
129,pta_234.xml,EC - Slovenia Cooperation Agreement,Inactive,1993-04-05,1993-07-19,1995-08-01,,"['SVN', 'ESP', 'PRT', 'BEL', 'IRL', 'NLD', 'DEU', 'LUX', 'DNK', 'FRA', 'GBR', 'ITA', None, 'GRC']",Plurilateral,Europe,Yes,No,en,5,53,4019,75.83018867924528
130,pta_3.xml,Chile - Japan,In Force,2007-03-27,2007-09-03,2007-08-24,2022-12-31,"['CHL', 'JPN']",Bilateral,South America; East Asia,Yes,Yes,en,21,201,30667,152.5721393034826
131,pta_253.xml,EFTA - Spain Agreement,Inactive,1979-06-26,1980-05-01,1979-11-05,,"['ISL', 'ESP', 'PRT', 'CHE', 'SWE', 'AUT', 'NOR', None]",Plurilateral,Europe,Yes,No,en,3,3,3961,1980.5
132,pta_247.xml,EFTA - Hungary Agreement,Inactive,1993-03-29,1993-10-01,1993-12-23,,"['ISL', 'CHE', 'LIE', 'SWE', 'AUT', 'FIN', 'NOR', None, 'HUN']",Plurilateral,Europe,Yes,No,en,3,42,4703,111.97619047619048
133,pta_290.xml,Poland - Lithuania,Inactive,1996-05-27,1997-12-30,1998-01-15,,"['LTU', 'POL', None]",Bilateral,Europe,Yes,No,en,5,40,4873,121.825
134,pta_284.xml,Moldova - Croatia,Inactive,2004-02-27,2004-10-01,2005-01-31,,"[None, 'MDA', 'HRV']",Bilateral,Europe; Commonwealth of Independent States (CIS),Yes,Yes,en,6,40,4373,109.325
135,pta_441.xml,Eurasian Economic Union (EAEU) - Accession of Armenia,In Force,2014-10-10,2015-01-02,2014-12-29,,"['RUS', 'BLR', 'ARM', 'KAZ']",Plurilateral,Commonwealth of Independent States (CIS),No,No,en,3,8,920,115.0
136,pta_327.xml,ASEAN - Australia - New Zealand,In Force,2009-02-27,2010-01-01,2010-04-08,2025-12-31,"['MMR', 'AUS', 'MYS', 'THA', 'IDN', 'BRN', 'LAO', 'KHM', 'NZL', 'PHL', 'VNM', 'SGP']",Plurilateral; One Party is an RTA,Oceania; East Asia,Yes,Yes,en,20,214,37311,174.35046728971963
137,pta_333.xml,"Hong Kong, China - New Zealand",In Force,2010-03-29,2011-01-01,2011-01-03,2016-12-30,"['NZL', 'HKG']",Bilateral,East Asia; Oceania,Yes,Yes,en,22,194,28857,148.74742268041237
138,pta_119.xml,Southern Common Market (MERCOSUR),In Force,1991-03-26,1991-11-29,1991-02-17,2006-12-31,"['BRA', 'ARG', 'URY', 'PRY']",Plurilateral,South America,Yes,No,en,8,26,1979,76.11538461538461
139,pta_125.xml,EU - Syria,In Force,1977-01-18,1977-07-01,1977-07-15,1980-12-30,"['ESP', 'CYP', 'DEU', 'SYR', 'CZE', 'SVK', 'SWE', 'AUT', 'ROU', 'HUN', 'EST', 'BGR', 'LTU', 'LUX', 'DNK', 'FRA', 'GBR', 'MLT', 'SVN', 'PRT', 'BEL', 'IRL', 'NLD', 'FIN', 'POL', 'HRV', 'ITA', 'GRC', 'LVA']",Bilateral; One Party is an RTA,Europe; Middle East,No,Yes,en,5,50,3927,78.54
140,pta_82.xml,EU - South Africa,In Force,1999-10-11,2000-01-01,2000-11-02,2012-12-30,"['ESP', 'CYP', 'DEU', 'CZE', 'SWE', 'SVK', 'AUT', 'ROU', 'HUN', 'EST', 'BGR', 'LTU', 'LUX', 'DNK', 'FRA', 'GBR', 'MLT', 'SVN', 'PRT', 'BEL', 'IRL', 'NLD', 'FIN', 'POL', 'HRV', 'ZAF', 'ITA', 'GRC', 'LVA']",Bilateral; One Party is an RTA,Europe; Africa,Yes,Yes,en,18,111,16057,144.65765765765767
141,pta_96.xml,Kyrgyz Republic - Uzbekistan,In Force,1996-12-24,1998-03-20,1999-06-15,1998-12-31,"['KGZ', 'UZB']",Bilateral,Commonwealth of Independent States (CIS),No,No,en,3,21,1982,94.38095238095238
142,pta_131.xml,EU - Switzerland - Liechtenstein,In Force,1972-07-22,1973-01-01,1972-10-27,1984-12-30,"['ESP', 'CYP', 'DEU', 'CZE', 'LIE', 'SVK', 'SWE', 'AUT', 'ROU', 'HUN', 'EST', 'BGR', 'LTU', 'LUX', 'DNK', 'FRA', 'GBR', 'MLT', 'SVN', 'PRT', 'BEL', 'IRL', 'NLD', 'FIN', 'POL', 'HRV', 'CHE', 'ITA', 'GRC', 'LVA']",Plurilateral; One Party is an RTA,Europe,Yes,No,en,3,38,3567,93.86842105263158
143,pta_69.xml,New Zealand - Singapore,In Force,2000-11-14,2001-01-01,2001-09-04,2001-12-31,"['NZL', 'SGP']",Bilateral,Oceania; East Asia,Yes,Yes,en,13,86,15979,185.80232558139534
144,pta_41.xml,Southern African Development Community (SADC),In Force,1996-08-24,2000-09-01,2004-08-02,2015-12-31,"['ZAF', 'MOZ', 'BWA', 'SWZ', 'LSO', 'AGO', 'MWI', 'SYC', 'ZMB', 'TZA', 'ZWE', 'MUS', 'NAM']",Plurilateral,Africa,Yes,No,en,10,41,3694,90.09756097560975
145,pta_55.xml,Turkey - Bosnia and Herzegovina,In Force,2002-07-03,2003-07-01,2003-08-29,2007-12-31,"['BIH', 'TUR']",Bilateral,Europe,No,No,en,4,37,4580,123.78378378378379
146,pta_54.xml,Singapore - Australia,In Force,2003-02-17,2003-07-28,2003-09-25,2003-12-31,"['SGP', 'AUS']",Bilateral,Oceania; East Asia,Yes,Yes,en,19,198,29895,150.9848484848485
147,pta_40.xml,EU - Egypt,In Force,2001-06-25,2004-06-01,2004-09-03,2019-12-31,"['ESP', 'CYP', 'DEU', 'CZE', 'SVK', 'SWE', 'AUT', 'ROU', 'HUN', 'EST', 'LTU', 'BGR', 'LUX', 'DNK', 'FRA', 'GBR', 'MLT', 'EGY', 'SVN', 'PRT', 'BEL', 'IRL', 'NLD', 'FIN', 'POL', 'HRV', 'ITA', 'GRC', 'LVA']",Bilateral; One Party is an RTA,Europe; Africa,Yes,Yes,en,15,93,9207,99.0
148,pta_68.xml,EU - Former Yugoslav Republic of Macedonia,In Force,2001-04-09,2001-06-01,2001-10-23,2011-12-31,"['ESP', 'CYP', 'DEU', 'CZE', 'SWE', 'SVK', 'AUT', 'ROU', 'HUN', 'EST', 'BGR', 'LTU', 'LUX', 'DNK', 'FRA', 'GBR', 'MLT', 'SVN', 'PRT', 'BEL', 'IRL', 'NLD', 'FIN', 'POL', 'HRV', 'MKD', 'ITA', 'GRC', 'LVA']",Bilateral; One Party is an RTA,Europe,Yes,No,en,7,51,6096,119.52941176470588
149,pta_97.xml,Eurasian Economic Community (EAEC),Inactive,1996-03-29,1997-10-08,1999-04-21,,"['RUS', 'TJK', 'KGZ', 'KAZ', 'BLR']",Plurilateral,Commonwealth of Independent States (CIS),No,No,en,8,70,5703,81.47142857142858
150,pta_130.xml,EU - Iceland,In Force,1972-12-19,1973-04-01,1972-11-24,1984-12-30,"['ESP', 'CYP', 'DEU', 'CZE', 'SVK', 'SWE', 'AUT', 'ROU', 'HUN', 'EST', 'BGR', 'LTU', 'LUX', 'DNK', 'FRA', 'GBR', 'MLT', 'SVN', 'PRT', 'BEL', 'IRL', 'NLD', 'FIN', 'POL', 'HRV', 'ISL', 'ITA', 'GRC', 'LVA']",Bilateral; One Party is an RTA,Europe,Yes,No,en,3,39,3710,95.12820512820512
151,pta_124.xml,South Pacific Regional Trade and Economic Cooperation Agreement (SPARTECA),In Force,1980-07-14,1981-01-01,1981-01-07,1981-12-31,"['FJI', 'TUV', 'FSM', 'AUS', 'SLB', 'VUT', 'TON', 'PNG', 'WSM', 'NIU', 'NZL', 'KIR', 'NRU', 'COK', 'MHL']",Plurilateral,Oceania,No,No,en,3,17,4740,278.8235294117647
152,pta_83.xml,EU - Morocco,In Force,1996-02-26,2000-03-01,2000-10-13,2011-12-31,"['ESP', 'CYP', 'DEU', 'CZE', 'SWE', 'SVK', 'AUT', 'ROU', 'HUN', 'EST', 'BGR', 'LTU', 'LUX', 'MAR', 'DNK', 'FRA', 'GBR', 'MLT', 'SVN', 'PRT', 'BEL', 'IRL', 'NLD', 'FIN', 'POL', 'HRV', 'ITA', 'GRC', 'LVA']",Bilateral; One Party is an RTA,Europe; Africa,Yes,Yes,en,16,97,9873,101.78350515463917
153,pta_118.xml,EFTA - Turkey,In Force,1991-12-10,1992-04-01,1992-03-06,1996-12-30,"['ISL', 'CHE', 'LIE', 'TUR', 'NOR']",Bilateral; One Party is an RTA,Europe,Yes,No,en,3,37,4466,120.70270270270271
154,pta_332.xml,EU - Eastern and Southern Africa States Interim EPA,In Force,2009-08-29,2012-05-14,2012-02-09,2022-12-31,"['ESP', 'CYP', 'DEU', 'CZE', 'SYC', 'SVK', 'SWE', 'AUT', 'ROU', 'HUN', 'EST', 'BGR', 'LTU', 'LUX', 'DNK', 'FRA', 'GBR', 'MLT', 'ZWE', 'SVN', 'PRT', 'BEL', 'IRL', 'NLD', 'FIN', 'MUS', 'POL', 'HRV', 'ITA', 'GRC', 'MDG', 'LVA']",Plurilateral; One Party is an RTA,Europe; Africa,Yes,Yes,en,8,72,13907,193.15277777777777
155,pta_440.xml,Eurasian Economic Union (EAEU),In Force,2014-05-29,2015-01-01,2014-12-12,,"['RUS', 'ARM', 'KGZ', 'KAZ', 'BLR']",Plurilateral,Commonwealth of Independent States (CIS),No,No,en,30,120,27030,225.25
156,pta_326.xml,Panama - Chinese Taipei,In Force,2003-08-21,2004-01-01,2009-07-28,2013-12-31,"['PAN', 'TWN']",Bilateral,East Asia; Central America,Yes,Yes,en,23,235,45211,192.3872340425532
157,pta_285.xml,Moldova - Former Yugoslav Republic of Macedonia,Inactive,2004-01-28,2004-12-01,2005-01-31,,"[None, 'MDA', 'MKD']",Bilateral,Commonwealth of Independent States (CIS); Europe,Yes,Yes,en,5,43,5010,116.51162790697674
158,pta_291.xml,Romania - Bosnia and Herzegovina,Inactive,2003-04-08,2003-10-24,2005-02-14,,"['BIH', None, 'ROU']",Bilateral,Europe,No,No,en,5,44,5156,117.18181818181819
159,pta_246.xml,EFTA - Estonia Free Trade Agreement,Inactive,1995-12-07,1996-06-01,1996-07-25,,"['LIE', 'EST', 'ISL', None]",Plurilateral,Europe,Yes,No,en,3,41,5273,128.609756097561
160,pta_252.xml,EFTA - Slovenia,Inactive,1995-06-13,1995-07-01,1995-10-18,,"['SVN', 'ISL', 'CHE', 'LIE', 'NOR', None]",Plurilateral,Europe,Yes,No,en,3,42,5626,133.95238095238096
161,pta_2.xml,Egypt - Turkey,In Force,2005-12-27,2007-03-01,2007-10-05,2020-12-30,"['TUR', 'EGY']",Bilateral,Africa; Europe,Yes,Yes,en,8,40,3893,97.325
162,pta_278.xml,Latvia - Switzerland Free Trade Agreement,Inactive,1992-12-22,1993-04-01,1993-05-28,,"['LVA', 'CHE', None]",Bilateral,Europe,Yes,No,en,3,35,3902,111.48571428571428
163,pta_244.xml,EFTA - Bulgaria,Inactive,1993-03-29,1993-07-01,1993-07-07,,"['ISL', 'BGR', 'CHE', 'LIE', 'SWE', 'AUT', 'FIN', 'NOR', None]",Plurilateral,Europe,Yes,No,en,3,42,5814,138.42857142857142
164,pta_250.xml,EFTA - Poland Agreement,Inactive,1992-12-10,1993-11-15,1993-10-20,,"['ISL', 'CHE', 'LIE', 'SWE', 'AUT', 'FIN', 'NOR', None, 'POL']",Plurilateral,Europe,Yes,No,en,3,42,4984,118.66666666666667
165,pta_287.xml,Poland - Faeroe Islands,Inactive,1998-11-03,1998-06-01,1999-08-18,,"[None, 'POL', 'FRO']",Bilateral,Europe,No,No,en,7,34,3761,110.61764705882354
166,pta_293.xml,Romania - Israel,Inactive,2001-01-30,2001-07-01,2005-04-25,,"['ROU', None, 'ISR']",Bilateral,Middle East; Europe,Yes,Yes,en,5,43,4862,113.06976744186046
167,pta_318.xml,First Convention of Lomé,Inactive,1975-02-28,1976-04-01,1975-07-02,,"['BDI', 'MLI', 'MRT', 'BFA', 'RWA', 'TCD', 'TON', 'SWZ', 'DEU', 'GNQ', 'LSO', 'TTO', 'COG', 'ETH', 'BEN', 'BRB', 'GUY', 'GIN', 'KEN', 'CMR', 'LUX', 'NER', 'CAF', 'DNK', 'SEN', 'GNB', 'CIV', 'FRA', 'GBR', 'UGA', 'ZMB', 'JAM', 'LBR', None, 'FJI', 'BHS', 'BWA', 'BEL', 'GAB', 'IRL', 'NGA', 'NLD', 'GHA', 'SDN', 'MUS', 'WSM', 'GRD', 'TGO', 'SLE', 'MWI', 'ITA', 'GMB', 'TZA', 'SOM', 'COD', 'MDG']",Plurilateral,Caribbean; Europe; Africa; Oceania; South America,No,Yes,en,12,95,11364,119.62105263157895
168,pta_330.xml,Iceland - China,In Force,2013-04-15,2014-07-01,2014-10-10,2024-12-30,"['CHN', 'ISL']",Bilateral,East Asia; Europe,Yes,Yes,en,14,131,15601,119.09160305343511
169,pta_324.xml,India - Nepal,In Force,2009-10-27,2009-10-27,2010-08-02,2009-12-31,"['IND', 'NPL']",Bilateral,West Asia,Yes,No,en,3,14,876,62.57142857142857
170,pta_442.xml,Canada - Honduras,In Force,2013-11-05,2014-10-01,2015-02-05,2028-12-30,"['HND', 'CAN']",Bilateral,North America; Central America,Yes,Yes,en,25,244,52419,214.83196721311475
171,pta_132.xml,Global System of Trade Preferences among Developing Countries (GSTP),In Force,1988-04-13,1989-04-19,1989-09-25,1989-12-31,"['BRA', 'CUB', 'BOL', 'COL', 'PER', 'THA', 'TTO', 'CHL', 'IRN', 'ROU', 'BEN', 'MEX', 'GUY', 'GIN', 'MMR', 'ECU', 'ARG', 'CMR', 'TUN', 'MAR', 'KOR', 'VNM', 'SGP', 'ZWE', 'EGY', 'PRK', 'DZA', 'MOZ', 'MYS', 'VEN', 'IDN', 'NGA', 'GHA', 'PHL', 'BGD', 'SDN', 'PAK', 'LKA', 'IND', 'IRQ', 'LBY', 'TZA', 'NIC']",Plurilateral,Africa; South America; West Asia; Caribbean; East Asia; Middle East; North America; Central America,No,Yes,en,9,36,4696,130.44444444444446
172,pta_95.xml,Kyrgyz Republic - Ukraine,In Force,1995-05-26,1998-01-19,1999-06-15,1998-12-31,"['UKR', 'KGZ']",Bilateral,Commonwealth of Independent States (CIS),Yes,No,en,3,16,1505,94.0625
173,pta_81.xml,Kyrgyz Republic - Armenia,In Force,1994-07-04,1995-10-27,2000-12-12,1995-12-31,"['KGZ', 'ARM']",Bilateral,Commonwealth of Independent States (CIS),Yes,No,en,3,21,1729,82.33333333333333
174,pta_126.xml,Australia - Papua New Guinea (PATCRA),In Force,1976-11-06,1977-02-01,1976-12-20,1977-12-31,"['PNG', 'AUS']",Bilateral,Oceania,Yes,No,en,3,26,3189,122.65384615384616
175,pta_56.xml,Turkey - Croatia,Inactive,2002-03-13,2003-07-01,2003-09-02,2007-12-31,"['TUR', None, 'HRV']",Bilateral,Europe,Yes,No,en,6,39,3738,95.84615384615384
176,pta_42.xml,Armenia - Turkmenistan,In Force,1995-10-03,1996-07-07,2004-06-17,1996-12-30,"['TKM', 'ARM']",Bilateral,Commonwealth of Independent States (CIS),No,No,en,3,19,1617,85.10526315789474
177,pta_43.xml,Armenia - Russian Federation,Inactive,1992-09-30,1993-03-25,2004-06-17,1993-12-31,"['RUS', 'ARM']",Bilateral,Commonwealth of Independent States (CIS),Yes,No,en,3,23,2035,88.47826086956522
178,pta_57.xml,EU - Lebanon,In Force,2002-06-17,2003-03-01,2003-05-26,2015-12-31,"['LBN', 'ESP', 'CYP', 'DEU', 'CZE', 'SWE', 'SVK', 'AUT', 'ROU', 'HUN', 'EST', 'BGR', 'LTU', 'LUX', 'DNK', 'FRA', 'GBR', 'MLT', 'SVN', 'PRT', 'BEL', 'IRL', 'NLD', 'FIN', 'POL', 'HRV', 'ITA', 'GRC', 'LVA']",Bilateral; One Party is an RTA,Europe; Middle East,No,Yes,en,10,44,4545,103.29545454545455
179,pta_80.xml,Turkey - Former Yugoslav Republic of Macedonia,In Force,1999-09-07,2000-09-01,2001-01-05,2008-12-30,"['TUR', 'MKD']",Bilateral,Europe,Yes,No,en,6,37,3775,102.02702702702703
180,pta_127.xml,Asia Pacific Trade Agreement (APTA),In Force,1975-07-31,1976-06-17,1976-11-02,1976-12-30,"['LAO', 'KOR', 'IND', 'LKA', 'CHN', 'BGD']",Plurilateral,West Asia; East Asia,Yes,Yes,en,9,40,4045,101.125
181,pta_133.xml,Protocol on Trade Negotiations (PTN),In Force,1971-12-08,1973-02-11,1971-11-09,1973-12-31,"['BRA', 'PAK', 'PER', 'PRY', 'SRB', 'TUN', 'KOR', 'CHL', 'PHL', 'TUR', 'BGD', 'EGY', 'URY', 'ROU', 'YUG', 'MEX', 'ISR']",Plurilateral,West Asia; South America; Africa; Middle East; East Asia; North America; Europe,No,Yes,en,3,24,3047,126.95833333333333
182,pta_94.xml,Kyrgyz Republic - Russian Federation,Inactive,1992-10-08,1993-04-24,1999-06-15,1993-12-31,"['RUS', 'KGZ']",Bilateral,Commonwealth of Independent States (CIS),Yes,No,en,3,24,2119,88.29166666666667
183,pta_325.xml,Guatemala - Chinese Taipei,In Force,2005-09-22,2006-07-01,2011-07-11,2020-12-30,"['TWN', 'GTM']",Bilateral,East Asia; Central America,Yes,Yes,en,23,227,40100,176.65198237885463
184,pta_443.xml,Gulf Cooperation Council (GCC) - Singapore,In Force,2008-12-15,2013-09-01,2015-06-30,2017-12-31,"['QAT', 'OMN', 'ARE', 'SAU', 'SGP', 'BHR', 'KWT']",Bilateral; One Party is an RTA,Middle East; East Asia,Yes,Yes,en,11,130,18604,143.1076923076923
185,pta_331.xml,EFTA - GCC,Early announcement-Signed,2009-06-22,2014-07-01,,,"['QAT', 'OMN', 'ISL', 'ARE', 'CHE', 'SAU', 'LIE', 'NOR', 'BHR', 'KWT']",Bilateral; All Parties are RTAs,Middle East; Europe,Yes,Yes,en,11,95,13447,141.54736842105262
186,pta_319.xml,Second Convention of Lomé,Inactive,1979-10-31,1981-01-01,1981-01-16,,"['BDI', 'MLI', 'MRT', 'BFA', 'RWA', 'TCD', 'TON', 'SWZ', 'DEU', 'GNQ', 'LSO', 'TTO', 'COG', 'ETH', 'BEN', 'BRB', 'GUY', 'GIN', 'KEN', 'CMR', 'LUX', 'NER', 'CAF', 'DNK', 'SEN', 'GNB', 'CIV', 'FRA', 'GBR', 'UGA', 'ZMB', 'JAM', 'LBR', None, 'FJI', 'BHS', 'BWA', 'BEL', 'GAB', 'IRL', 'NGA', 'NLD', 'GHA', 'SDN', 'MUS', 'WSM', 'GRD', 'TGO', 'SLE', 'MWI', 'ITA', 'GMB', 'TZA', 'SOM', 'COD', 'MDG']",Plurilateral,Caribbean; Europe; Africa; Oceania; South America,No,Yes,en,30,192,28633,149.13020833333334
187,pta_292.xml,Romania - Former Yugoslav Republic of Macedonia,Inactive,2003-02-07,2004-01-01,2005-02-14,,"['ROU', None, 'MKD']",Bilateral,Europe,Yes,No,en,6,43,4501,104.67441860465117
188,pta_286.xml,Moldova - Serbia and Montenegro,Inactive,2003-11-13,2004-09-01,2005-01-28,,"['SRB', 'MDA', 'MNE']",Bilateral,Commonwealth of Independent States (CIS),Yes,No,en,5,39,4300,110.25641025641026
189,pta_251.xml,EFTA - Romania Free Trade Agreement,Inactive,1992-12-10,1993-05-01,1993-05-24,,"['ISL', 'CHE', 'LIE', 'SWE', 'AUT', 'FIN', 'NOR', 'ROU', None]",Plurilateral,Europe,Yes,No,en,3,42,5557,132.3095238095238
190,pta_245.xml,EFTA - Czechoslovakia,Inactive,1992-03-20,1992-07-01,1992-07-03,,"['ISL', 'CHE', 'CZE', 'LIE', 'SVK', 'SWE', 'AUT', 'FIN', 'NOR']",Plurilateral,Europe,Yes,No,en,3,41,5151,125.63414634146342
191,pta_279.xml,Lithuania - Norway Free Trade Agreement,Inactive,1992-06-15,1992-06-16,1992-10-23,,"['LTU', None, 'NOR']",Bilateral,Europe,Yes,No,en,3,29,2715,93.62068965517241
192,pta_1.xml,Japan - Thailand,In Force,2007-04-03,2007-11-01,2007-10-25,2022-12-31,"['THA', 'JPN']",Bilateral,East Asia,Yes,No,en,17,175,29225,167.0
193,pta_5.xml,EFTA - Egypt,In Force,2007-01-27,2007-08-01,2007-07-17,2020-12-30,"['ISL', 'CHE', 'LIE', 'NOR', 'EGY']",Bilateral; One Party is an RTA,Africa; Europe,Yes,Yes,en,11,52,5370,103.26923076923077
194,pta_241.xml,EC - Turkey Additional Protocol,Inactive,1970-11-23,1973-01-01,1971-09-08,,"['BEL', 'NLD', 'DEU', 'LUX', 'TUR', 'FRA', 'ITA', None]",Plurilateral,Europe,Yes,No,en,12,65,7592,116.8
195,pta_255.xml,Equatorial Customs Union - Cameroon Association,Inactive,1959-06-23,1962-07-01,1963-09-13,,"['TCD', 'GAB', 'CMR', 'CAF', 'COG', None]",Plurilateral,Africa,Yes,No,en,6,20,1903,95.15
196,pta_269.xml,Hungary - Israel,Inactive,1997-10-14,1998-02-01,1998-03-24,,"['ISR', None, 'HUN']",Bilateral,Europe; Middle East,Yes,Yes,en,6,40,4857,121.425
197,pta_282.xml,Moldova - Bosnia and Herzegovina,Inactive,2002-12-23,2004-05-01,2005-01-28,,"['BIH', 'MDA', None]",Bilateral,Europe; Commonwealth of Independent States (CIS),No,Yes,en,5,40,4793,119.825
198,pta_296.xml,Romania - Turkey,Inactive,1997-04-29,1998-02-01,1998-05-18,,"['TUR', None, 'ROU']",Bilateral,Europe,Yes,No,en,6,42,4853,115.54761904761905
199,pta_335.xml,Peru - Singapore,In Force,2008-05-29,2009-08-01,2009-07-30,2025-12-31,"['SGP', 'PER']",Bilateral,South America; East Asia,Yes,Yes,en,20,213,34343,161.23474178403757
200,pta_447.xml,Eurasian Economic Union (EAEU) - Viet Nam,In Force,2015-05-29,2016-10-05,2017-05-04,,"['RUS', 'VNM', 'KAZ', 'KGZ', 'ARM', 'BLR']",Bilateral; One Party is an RTA,Commonwealth of Independent States (CIS); East Asia,No,Yes,en,22,217,32559,150.04147465437788
201,pta_321.xml,Panama  - Dominican Republic,In Force,1985-07-17,1987-06-08,2016-03-21,,"['PAN', 'DOM']",Bilateral,Caribbean; Central America,Yes,Yes,es,3,24,2644,110.16666666666667
202,pta_309.xml,Slovenia - Lithuania,Inactive,1996-10-04,1997-03-01,1997-02-20,,"['SVN', 'LTU', None]",Bilateral,Europe,Yes,No,en,5,42,4737,112.78571428571429
203,pta_90.xml,Commonwealth of Independent States (CIS),In Force,1994-04-15,1994-12-30,1999-06-29,1994-12-31,"['MDA', 'AZE', 'GEO', 'UKR', 'KGZ', 'RUS', 'TJK', 'UZB', 'KAZ', 'TKM', 'BLR', 'ARM']",Plurilateral,Commonwealth of Independent States (CIS),No,No,en,3,27,2716,100.5925925925926
204,pta_137.xml,Central American Common Market (CACM),In Force,1960-12-13,1961-06-04,1961-02-24,1965-12-31,"['SLV', 'PAN', 'CRI', 'NIC', 'GTM', 'HND']",Plurilateral,Central America,Yes,No,es,13,35,4974,142.11428571428573
205,pta_123.xml,Latin American Integration Association (LAIA),In Force,1980-08-12,1981-03-18,1982-07-01,1981-12-31,"['BRA', 'CUB', 'COL', 'BOL', 'ECU', 'ARG', 'PER', 'PRY', 'VEN', 'CHL', 'URY', 'MEX']",Plurilateral,South America; Caribbean; North America,Yes,Yes,es,12,71,6948,97.85915492957747
206,pta_84.xml,EU - Israel,In Force,1995-11-20,2000-06-01,2000-09-20,2000-12-30,"['ESP', 'CYP', 'DEU', 'CZE', 'SWE', 'SVK', 'AUT', 'ROU', 'HUN', 'EST', 'BGR', 'LTU', 'LUX', 'DNK', 'FRA', 'GBR', 'MLT', 'SVN', 'PRT', 'BEL', 'IRL', 'NLD', 'FIN', 'POL', 'HRV', 'ITA', 'GRC', 'LVA', 'ISR']",Bilateral; One Party is an RTA,Europe; Middle East,Yes,Yes,en,17,83,7087,85.3855421686747
207,pta_53.xml,US - Chile,In Force,2003-06-06,2004-01-01,2003-12-16,2016-12-30,"['CHL', 'USA']",Bilateral,South America; North America,Yes,Yes,en,14,162,37179,229.5
208,pta_47.xml,"Korea, Republic of - Chile",In Force,2003-02-01,2004-04-01,2004-04-08,2020-12-30,"['CHL', 'KOR']",Bilateral,South America; East Asia,Yes,Yes,en,23,217,36611,168.71428571428572
209,pta_46.xml,Armenia - Ukraine,In Force,1994-10-07,1996-12-18,2004-06-17,1996-12-30,"['UKR', 'ARM']",Bilateral,Commonwealth of Independent States (CIS),Yes,No,en,3,15,1279,85.26666666666667
210,pta_52.xml,US - Singapore,In Force,2003-05-06,2004-01-01,2003-12-17,2014-12-31,"['SGP', 'USA']",Bilateral,East Asia; North America,Yes,Yes,en,23,222,56948,256.52252252252254
211,pta_122.xml,Australia - New Zealand (ANZCERTA),In Force,1982-12-14,1983-01-01,1983-04-14,1995-12-31,"['NZL', 'AUS']",Bilateral,Oceania,Yes,No,en,3,26,9547,367.1923076923077
212,pta_85.xml,East African Community (EAC),In Force,1999-11-30,2000-07-07,2000-10-09,2005-12-31,"['KEN', 'RWA', 'BDI', 'UGA', 'TZA']",Plurilateral,Africa,Yes,No,en,31,157,25627,163.22929936305732
213,pta_91.xml,Kyrgyz Republic - Kazakhstan,In Force,1995-06-22,1995-11-11,1999-06-29,1995-12-31,"['KGZ', 'KAZ']",Bilateral,Commonwealth of Independent States (CIS),Yes,No,en,3,19,1681,88.47368421052632
214,pta_136.xml,Tripartite Agreement,Inactive,1967-12-23,1968-04-01,1968-02-23,,"['IND', None, 'YUG', 'EGY']",Plurilateral,Africa; West Asia; Europe,No,Yes,en,3,14,891,63.642857142857146
215,pta_308.xml,Slovenia - Latvia,Inactive,1996-04-22,1996-08-01,1997-02-20,,"['SVN', 'LVA', None]",Bilateral,Europe,Yes,No,en,3,38,3892,102.42105263157895
216,pta_446.xml,EFTA - Philippines,Early announcement-Signed,2016-04-28,,,,"['ISL', 'CHE', 'LIE', 'PHL', 'NOR']",Bilateral; One Party is an RTA,Europe; East Asia,Yes,Yes,en,16,119,14218,119.47899159663865
217,pta_320.xml,Third Convention of Lomé,Inactive,1984-12-08,1986-03-01,1986-12-22,,"['BDI', 'MLI', 'MRT', 'BFA', 'RWA', 'TCD', 'TON', 'SWZ', 'DEU', 'GNQ', 'LSO', 'TTO', 'COG', 'ETH', 'BEN', 'BRB', 'GUY', 'GIN', 'KEN', 'CMR', 'LUX', 'NER', 'CAF', 'SEN', 'UGA', 'GNB', 'CIV', 'FRA', 'GBR', 'ZMB', 'JAM', 'LBR', None, 'FJI', 'BHS', 'MOZ', 'BWA', 'GAB', 'IRL', 'NLD', 'NGA', 'GHA', 'SDN', 'MUS', 'WSM', 'GRD', 'TGO', 'SLE', 'MWI', 'ITA', 'GMB', 'TZA', 'SOM', 'COD', 'MDG']",Plurilateral,Caribbean; Africa; Oceania; Europe; South America,No,Yes,en,38,293,44510,151.91126279863482
218,pta_334.xml,New Zealand - Malaysia,In Force,2009-10-26,2010-08-01,2012-02-07,2016-12-30,"['NZL', 'MYS']",Bilateral,East Asia; Oceania,Yes,Yes,en,20,204,31490,154.36274509803923
219,pta_297.xml,Slovak Republic - Estonia,Inactive,1996-05-28,1998-03-13,1998-09-25,,"['EST', 'SVK', None]",Bilateral,Europe,Yes,No,en,6,43,4884,113.5813953488372
220,pta_283.xml,Moldova - Bulgaria,Inactive,2004-05-20,2004-12-01,2005-01-28,,"['BGR', 'MDA', None]",Bilateral,Europe; Commonwealth of Independent States (CIS),Yes,Yes,en,5,38,4721,124.23684210526316
221,pta_268.xml,Hungary - Estonia,Inactive,1998-11-01,2001-03-01,2001-10-04,,"['EST', None, 'HUN']",Bilateral,Europe,Yes,No,en,6,38,4659,122.60526315789474
222,pta_254.xml,El Salvador - Nicaragua Free Trade Area,Inactive,1951-03-09,1951-08-21,1951-03-07,,"['NIC', 'SLV', None]",Bilateral,Central America,Yes,No,en,11,26,2652,102.0
223,pta_240.xml,EC - Tunisia Association Agreement of 1969,Inactive,1969-03-28,1969-09-01,1969-07-11,,"['BEL', 'TUN', 'NLD', 'DEU', 'LUX', 'FRA', 'ITA', None]",Plurilateral,Europe; Africa,Yes,Yes,en,4,20,1297,64.85
224,pta_4.xml,Central European Free Trade Agreement (CEFTA) 2006,In Force,2006-12-19,2007-05-01,2007-07-26,2008-12-30,"['ALB', 'MNE', 'MKD', 'SRB', 'BIH', 'BGR', 'MDA', 'ROU', 'RKS', 'HRV']",Plurilateral,Europe; Commonwealth of Independent States (CIS),No,Yes,en,3,6,746,124.33333333333333
225,pta_6.xml,Southern African Customs Union (SACU),In Force,2002-10-21,2004-07-15,2007-06-25,2004-12-30,"['ZAF', 'BWA', 'SWZ', 'LSO', 'NAM']",Plurilateral,Africa,Yes,No,en,11,53,4801,90.58490566037736
226,pta_256.xml,Estonia - Faeroe Islands,Inactive,1997-11-30,1998-12-01,1999-01-26,,"['EST', None, 'FRO']",Bilateral,Europe,No,No,en,5,32,3312,103.5
227,pta_242.xml,EEC - Turkey Association Agreement of 1963,Inactive,1963-09-12,1964-12-01,1964-02-12,,"['BEL', 'NLD', 'DEU', 'LUX', 'TUR', 'FRA', 'ITA', None]",Plurilateral,Europe,Yes,No,en,6,33,2474,74.96969696969697
228,pta_295.xml,Romania - Serbia and Montenegro,Inactive,2003-12-23,2004-07-01,2005-02-14,,"['ROU', 'SRB', 'MNE']",Bilateral,Europe,Yes,No,en,6,42,4410,105.0
229,pta_281.xml,Lithuania - Switzerland Free-Trade Agreement,Inactive,1992-11-24,1993-04-01,1993-05-28,,"['LTU', 'CHE', None]",Bilateral,Europe,Yes,No,en,3,35,3858,110.22857142857143
230,pta_322.xml,EU - San Marino,In Force,1991-12-16,2002-04-01,2010-02-24,2002-12-31,"['ESP', 'CYP', 'DEU', 'CZE', 'SWE', 'SVK', 'AUT', 'ROU', 'SMR', 'HUN', 'EST', 'BGR', 'LTU', 'LUX', 'DNK', 'FRA', 'GBR', 'MLT', 'SVN', 'PRT', 'BEL', 'IRL', 'NLD', 'FIN', 'POL', 'HRV', 'ITA', 'GRC', 'LVA']",Bilateral; One Party is an RTA,Europe,No,No,en,6,33,3194,96.78787878787878
231,pta_444.xml,Eurasian Economic Union (EAEU) - Accession of the Kyrgyz Republic,In Force,2014-12-23,2015-08-12,2015-09-01,,"['RUS', 'KAZ', 'KGZ', 'ARM', 'BLR']",Plurilateral,Commonwealth of Independent States (CIS),No,No,en,3,13,1746,134.30769230769232
232,pta_450.xml,Trans-Pacific Partnership,Early announcement-Signed,2016-02-03,,,,"['USA', 'AUS', 'MYS', 'PER', 'BRN', 'CHL', 'NZL', 'VNM', 'SGP', 'JPN', 'MEX', 'CAN']",Plurilateral,East Asia; North America; South America,Yes,Yes,es,31,507,170298,335.8934911242604
233,pta_336.xml,China - Singapore,In Force,2008-10-23,2009-01-01,2009-03-02,2010-12-31,"['CHN', 'SGP']",Bilateral,East Asia,Yes,No,en,16,117,19876,169.8803418803419
234,pta_87.xml,EFTA - Morocco,In Force,1997-06-19,1999-12-01,2000-01-20,2011-12-31,"['ISL', 'MAR', 'CHE', 'LIE', 'NOR']",Bilateral; One Party is an RTA,Europe; Africa,Yes,Yes,en,3,44,5588,127.0
235,pta_120.xml,Lao People's Democratic Republic - Thailand,In Force,1991-06-20,1991-06-20,1991-11-26,1991-12-31,"['THA', 'LAO']",Bilateral,East Asia,Yes,No,en,3,11,998,90.72727272727273
236,pta_134.xml,EU – Overseas Countries and Territories (OCT),In Force,1970-09-29,1971-01-01,1970-12-14,1971-12-31,"['ESP', 'AIA', 'PYF', 'CYP', 'DEU', 'CZE', 'SVK', 'SWE', 'AUT', 'MSR', 'ROU', 'NCL', 'HUN', 'GRL', 'SHN', 'ANT', 'EST', 'BGR', 'LTU', 'LUX', 'ATF', 'DNK', 'IOT', 'FRA', 'GBR', 'MLT', 'SGS', 'SPM', 'SVN', 'PRT', 'BEL', 'IRL', 'NLD', 'MYT', 'TCA', 'FLK', 'FIN', 'POL', 'HRV', 'PCN', 'WLF', 'VGB', 'ITA', 'CYM', 'GRC', 'LVA']",Plurilateral; One Party is an RTA,Caribbean; Europe; Africa; South America; Oceania; North America,No,Yes,en,19,65,15502,238.4923076923077
237,pta_93.xml,Kyrgyz Republic - Moldova,In Force,1995-05-16,1996-11-21,1999-06-15,1996-12-30,"['KGZ', 'MDA']",Bilateral,Commonwealth of Independent States (CIS),Yes,No,en,3,20,1884,94.2
238,pta_108.xml,Faeroe Islands - Iceland,Inactive,1992-08-06,1993-07-01,1995-12-14,,"[None, 'ISL', 'FRO']",Bilateral,Europe,No,No,en,2,30,2989,99.63333333333334
239,pta_44.xml,Armenia - Moldova,In Force,1993-12-24,1995-12-21,2004-06-17,1995-12-31,"['ARM', 'MDA']",Bilateral,Commonwealth of Independent States (CIS),Yes,No,en,3,21,1743,83.0
240,pta_50.xml,"China - Macao, China",In Force,2003-10-17,2003-10-17,2003-12-27,2014-12-31,"['CHN', 'MAC']",Bilateral,East Asia,Yes,No,en,8,25,1620,64.8
241,pta_78.xml,Georgia - Ukraine,In Force,1995-01-09,1996-06-04,2001-02-08,1996-12-30,"['GEO', 'UKR']",Bilateral,Commonwealth of Independent States (CIS),Yes,No,en,3,15,1502,100.13333333333334
242,pta_79.xml,EFTA - Former Yugoslav Republic of Macedonia,In Force,2000-06-19,2002-05-01,2000-12-11,2011-12-31,"['ISL', 'MKD', 'CHE', 'LIE', 'NOR']",Bilateral; One Party is an RTA,Europe,Yes,No,en,3,43,5583,129.8372093023256
243,pta_51.xml,"China - Hong Kong, China",In Force,2003-06-29,2003-06-29,2003-12-27,2014-12-31,"['CHN', 'HKG']",Bilateral,East Asia,Yes,No,en,7,23,2716,118.08695652173913
244,pta_45.xml,Armenia - Kazakhstan,In Force,1999-09-02,2001-12-25,2004-06-17,2001-12-31,"['KAZ', 'ARM']",Bilateral,Commonwealth of Independent States (CIS),Yes,No,en,3,20,1915,95.75
245,pta_109.xml,EU - Turkey,In Force,1995-03-06,1996-01-01,1995-12-22,1996-12-30,"['ESP', 'CYP', 'DEU', 'CZE', 'SWE', 'SVK', 'AUT', 'ROU', 'HUN', 'EST', 'BGR', 'LTU', 'LUX', 'DNK', 'TUR', 'FRA', 'GBR', 'MLT', 'SVN', 'PRT', 'BEL', 'IRL', 'NLD', 'FIN', 'POL', 'HRV', 'ITA', 'GRC', 'LVA']",Bilateral; One Party is an RTA,Europe,Yes,No,en,8,67,8202,122.41791044776119
246,pta_135.xml,EFTA - Accession of Iceland,In Force,1969-12-04,1970-03-01,1970-01-30,1980-12-30,"['LIE', 'ISL', 'CHE', 'NOR']",Plurilateral,Europe,Yes,No,en,2,8,1262,157.75
247,pta_92.xml,EFTA - Palestinian Authority,In Force,1998-11-30,1999-07-01,1999-07-23,2004-12-30,"['ISL', 'PSE', 'CHE', 'LIE', 'NOR']",Bilateral; One Party is an RTA,Europe; Middle East,No,Yes,en,3,42,5285,125.83333333333333
248,pta_86.xml,Economic and Monetary Community of Central Africa (CEMAC),In Force,1994-03-16,1999-06-24,1999-07-21,1999-12-31,"['TCD', 'GAB', 'CMR', 'GNQ', 'CAF', 'COG']",Plurilateral,Africa,No,No,fr,3,9,769,85.44444444444444
249,pta_121.xml,US - Israel,In Force,1985-04-22,1985-08-19,1985-09-13,1995-12-31,"['USA', 'ISR']",Bilateral,Middle East; North America,Yes,Yes,en,3,24,3611,150.45833333333334
250,pta_337.xml,Turkey - Jordan,In Force,2009-12-01,2011-03-01,2011-03-07,2022-12-31,"['JOR', 'TUR']",Bilateral,Middle East; Europe,Yes,Yes,en,8,54,5707,105.68518518518519
251,pta_323.xml,India - Afghanistan,In Force,2003-03-06,2003-05-13,2010-03-08,2003-12-31,"['IND', 'AFG']",Bilateral,West Asia,No,No,en,3,19,1744,91.78947368421052
252,pta_445.xml,"Turkey - Moldova, Republic of",In Force,2014-09-11,2016-11-01,2016-12-13,2020-12-30,"['TUR', 'MDA']",Bilateral,Commonwealth of Independent States (CIS); Europe,Yes,Yes,en,8,37,3916,105.83783783783784
253,pta_280.xml,Lithuania - Sweden Free Trade Agreement,Inactive,1992-03-17,1992-07-01,1992-07-03,,"['SWE', 'LTU', None]",Bilateral,Europe,Yes,No,en,3,27,2802,103.77777777777777
254,pta_294.xml,Romania - Moldova,Inactive,1994-02-15,1995-01-01,1997-09-24,,"[None, 'MDA', 'ROU']",Bilateral,Commonwealth of Independent States (CIS); Europe,Yes,Yes,en,2,36,3215,89.30555555555556
255,pta_243.xml,EC - Turkey Association Agreement of 1973,Inactive,1973-06-30,1974-01-01,1974-01-17,,"['BEL', 'IRL', 'NLD', 'DEU', 'LUX', 'DNK', 'TUR', 'FRA', 'GBR', 'ITA', None]",Plurilateral,Europe,Yes,No,en,5,19,2266,119.26315789473684
256,pta_257.xml,Estonia - Latvia - Lithuania,Inactive,1993-09-13,1994-04-01,1999-06-15,,"['EST', 'LTU', 'LVA', None]",Plurilateral,Europe,Yes,No,en,3,34,3577,105.20588235294117
257,pta_7.xml,Chile - China,In Force,2005-11-18,2006-10-01,2007-06-20,2015-12-31,"['CHL', 'CHN']",Bilateral,South America; East Asia,Yes,Yes,en,16,123,17432,141.72357723577235
258,pta_272.xml,Hungary - Slovenia Free Trade Agreement,Inactive,1994-04-06,1995-01-01,1995-08-15,,"['SVN', None, 'HUN']",Bilateral,Europe,Yes,No,en,5,41,4771,116.36585365853658
259,pta_266.xml,Ghana - Upper Volta Trade Agreement,Inactive,1961-06-28,1962-05-09,1962-05-17,,"['GHA', 'BFA', None]",Bilateral,Africa,Yes,No,en,3,18,1286,71.44444444444444
260,pta_299.xml,Slovak Republic - Latvia,Inactive,1996-04-19,1997-07-01,1997-12-18,,"['SVK', 'LVA', None]",Bilateral,Europe,Yes,No,en,6,43,4787,111.32558139534883
261,pta_448.xml,EU - Ghana,In Force,2016-07-28,2016-12-15,2017-04-03,,"['ESP', 'CYP', 'DEU', 'CZE', 'SVK', 'SWE', 'AUT', 'ROU', 'HUN', 'EST', 'BGR', 'LTU', 'LUX', 'DNK', 'FRA', 'GBR', 'MLT', 'SVN', 'PRT', 'BEL', 'IRL', 'NLD', 'GHA', 'FIN', 'POL', 'HRV', 'ITA', 'GRC', 'LVA']",Bilateral; One Party is an RTA,Europe; Africa,Yes,Yes,en,15,84,12594,149.92857142857142
262,pta_306.xml,Slovenia - Former Yugoslav Republic of Macedonia,Inactive,1996-07-01,1996-09-01,1997-02-20,,"['SVN', None, 'MKD']",Bilateral,Europe,Yes,No,en,5,42,4911,116.92857142857143
263,pta_312.xml,Turkey - Latvia,Inactive,1998-06-16,2000-07-01,2001-01-22,,"['TUR', 'LVA', None]",Bilateral,Europe,Yes,No,en,6,38,3539,93.13157894736842
264,pta_138.xml,European Free Trade Association (EFTA),In Force,1960-01-04,1960-05-03,1959-11-14,1966-12-31,"['ISL', 'PRT', 'CHE', 'DNK', 'SWE', 'LIE', 'AUT', 'GBR', 'NOR']",Plurilateral,Europe,Yes,No,en,20,61,7721,126.57377049180327
265,pta_104.xml,Canada - Israel,In Force,1996-07-31,1997-01-01,1997-01-15,1999-12-31,"['ISR', 'CAN']",Bilateral,North America; Middle East,Yes,Yes,en,13,74,13888,187.67567567567568
266,pta_110.xml,EC Treaty,In Force,1957-03-25,1958-01-01,1957-04-24,1970-12-31,"['ESP', 'CYP', 'DEU', 'CZE', 'SVK', 'SWE', 'AUT', 'ROU', 'HUN', 'EST', 'BGR', 'LTU', 'LUX', 'DNK', 'FRA', 'GBR', 'MLT', 'SVN', 'PRT', 'BEL', 'IRL', 'NLD', 'FIN', 'POL', 'HRV', 'ITA', 'GRC', 'LVA']",Plurilateral,Europe,Yes,No,en,9,57,11823,207.42105263157896
267,pta_48.xml,Central European Free Trade Agreement (CEFTA) - Accession of Croatia,Inactive,2002-12-05,2003-03-01,2004-02-23,,"['SVN', 'HUN', 'BGR', 'CZE', 'SVK', 'ROU', None, 'POL', 'HRV']",Plurilateral,Europe,Yes,No,en,3,11,1163,105.72727272727273
268,pta_60.xml,EU - Croatia,Inactive,2001-10-29,2002-03-01,2002-12-17,2007-12-31,"['ESP', 'PRT', 'BEL', 'IRL', 'NLD', 'DEU', 'LUX', 'DNK', 'SWE', 'AUT', 'FRA', 'GBR', 'FIN', 'ITA', 'GRC', None, 'HRV']",Bilateral; One Party is an RTA,Europe,Yes,No,en,18,130,17079,131.37692307692308
269,pta_74.xml,Georgia - Azerbaijan,In Force,1996-03-08,1996-07-10,2001-02-08,1996-12-30,"['AZE', 'GEO']",Bilateral,Commonwealth of Independent States (CIS),No,No,en,3,20,1650,82.5
270,pta_75.xml,Georgia - Kazakhstan,In Force,1997-11-11,1999-07-16,2001-02-08,1999-12-31,"['GEO', 'KAZ']",Bilateral,Commonwealth of Independent States (CIS),Yes,No,en,3,18,1968,109.33333333333333
271,pta_61.xml,EU - Jordan,In Force,1997-11-24,2002-05-01,2002-12-17,2013-12-31,"['ESP', 'CYP', 'DEU', 'CZE', 'SWE', 'SVK', 'AUT', 'ROU', 'HUN', 'JOR', 'EST', 'BGR', 'LTU', 'LUX', 'DNK', 'FRA', 'GBR', 'MLT', 'SVN', 'PRT', 'BEL', 'IRL', 'NLD', 'FIN', 'POL', 'HRV', 'ITA', 'GRC', 'LVA']",Bilateral; One Party is an RTA,Europe; Middle East,Yes,Yes,en,16,102,12173,119.34313725490196
272,pta_49.xml,Chile - Central America,In Force,1999-10-18,2002-06-01,2004-01-29,2017-12-31,"['SLV', 'NIC', 'CHL', 'HND', 'GTM', 'CRI']",Bilateral,South America; Central America,Yes,Yes,es,22,182,39633,217.76373626373626
273,pta_111.xml,Common Market for Eastern and Southern Africa (COMESA),In Force,1993-11-05,1994-12-08,1995-05-04,2000-12-30,"['KEN', 'BDI', 'RWA', 'SWZ', 'LSO', 'AGO', 'MWI', 'UGA', 'COM', 'ERI', 'TZA', 'SDN', 'ETH', 'ZMB', 'ZWE', 'MUS', 'EGY']",Plurilateral,Africa,No,No,en,37,196,31654,161.5
274,pta_105.xml,European Economic Area (EEA),In Force,1992-05-02,1994-01-01,1996-09-13,1994-12-31,"['ESP', 'CYP', 'DEU', 'CZE', 'LIE', 'SVK', 'SWE', 'AUT', 'ROU', 'HUN', 'EST', 'BGR', 'LTU', 'LUX', 'DNK', 'FRA', 'GBR', 'MLT', 'SVN', 'PRT', 'BEL', 'IRL', 'NLD', 'FIN', 'NOR', 'POL', 'HRV', 'ISL', 'ITA', 'GRC', 'LVA']",Plurilateral; One Party is an RTA,Europe,Yes,No,en,29,131,14412,110.01526717557252
275,pta_139.xml,Pakistan - China,In Force,2006-11-24,2007-07-01,2008-01-18,2012-12-30,"['CHN', 'PAK']",Bilateral,East Asia; West Asia,Yes,Yes,en,14,85,11133,130.9764705882353
276,pta_313.xml,Turkey - Lithuania,Inactive,1997-06-02,1998-03-01,1998-06-08,,"['LTU', 'TUR', None]",Bilateral,Europe,Yes,No,en,6,38,4102,107.94736842105263
277,pta_307.xml,Slovenia - Israel,Inactive,1998-05-13,1998-09-01,1999-03-08,,"['SVN', None, 'ISR']",Bilateral,Middle East; Europe,Yes,Yes,en,6,41,4715,115.0
278,pta_449.xml,Trans-Pacific Partnership,Early announcement-Signed,2016-02-03,,,,"['USA', 'AUS', 'MYS', 'PER', 'BRN', 'CHL', 'NZL', 'VNM', 'SGP', 'JPN', 'MEX', 'CAN']",Plurilateral,East Asia; North America; South America,Yes,Yes,en,31,508,142766,281.03543307086613
279,pta_298.xml,Slovak Republic - Israel,Inactive,1996-05-22,1997-01-01,1998-03-25,,"['SVK', None, 'ISR']",Bilateral,Middle East; Europe,Yes,Yes,en,6,41,5065,123.53658536585365
280,pta_267.xml,Gulf Cooperation Council (GCC),Inactive,1981-05-25,1982-01-01,1984-08-15,,"['QAT', 'OMN', 'ARE', 'SAU', None, 'BHR', 'KWT']",Plurilateral,Middle East,Yes,No,en,9,29,1435,49.48275862068966
281,pta_273.xml,Hungary - Turkey,Inactive,1997-01-08,1998-04-01,1998-05-12,,"['TUR', None, 'HUN']",Bilateral,Europe,Yes,No,en,5,37,3849,104.02702702702703
282,pta_9.xml,India - Singapore,In Force,2005-06-29,2005-08-01,2007-05-03,2009-12-31,"['IND', 'SGP']",Bilateral,West Asia; East Asia,Yes,Yes,en,18,167,31042,185.88023952095807
283,pta_259.xml,Estonia - Sweden Free Trade Agreement,Inactive,1992-03-31,1992-07-01,1992-07-03,,"['EST', 'SWE', None]",Bilateral,Europe,Yes,No,en,3,26,2789,107.26923076923077
284,pta_265.xml,Former Yugoslav Republic of Macedonia  - Bosnia and Herzegovina,Inactive,2002-04-24,2002-07-15,2005-05-11,,"['BIH', None, 'MKD']",Bilateral,Europe,No,No,en,5,42,5404,128.66666666666666
285,pta_271.xml,Hungary - Lithuania,Inactive,1998-11-13,2000-03-01,2000-01-12,,"['LTU', None, 'HUN']",Bilateral,Europe,Yes,No,en,6,38,4680,123.15789473684211
286,pta_339.xml,Peru - Chile,In Force,2006-08-22,2009-03-01,2011-11-29,2016-12-30,"['CHL', 'PER']",Bilateral,South America,Yes,No,es,22,183,41289,225.62295081967213
287,pta_311.xml,Turkey - Estonia,Inactive,1997-06-03,1998-07-01,1999-03-23,,"['EST', 'TUR', None]",Bilateral,Europe,Yes,No,en,5,37,4159,112.4054054054054
288,pta_305.xml,Slovenia - Estonia,Inactive,1996-11-26,1997-01-01,1997-02-20,,"['EST', 'SVN', None]",Bilateral,Europe,Yes,No,en,6,43,4905,114.06976744186046
289,pta_88.xml,West African Economic and Monetary Union (WAEMU),In Force,1994-01-10,2000-01-01,1999-10-27,2000-12-30,"['TGO', 'MLI', 'BFA', 'NER', 'SEN', 'CIV', 'BEN']",Plurilateral,Africa,Yes,No,fr,18,118,11955,101.3135593220339
290,pta_113.xml,South Asian Preferential Trade Arrangement (SAPTA),In Force,1993-04-11,1995-12-07,1997-04-21,2015-12-31,"['PAK', 'BTN', 'MDV', 'LKA', 'IND', 'BGD', 'NPL']",Plurilateral,West Asia,No,No,en,3,27,2663,98.62962962962963
291,pta_107.xml,Faroe Islands - Switzerland,In Force,1994-01-12,1995-03-01,1996-02-12,1995-12-31,"['CHE', 'FRO']",Bilateral,Europe,No,No,en,2,13,1012,77.84615384615384
292,pta_77.xml,Georgia - Turkmenistan,In Force,1996-03-20,2000-01-01,2001-02-08,2000-12-30,"['GEO', 'TKM']",Bilateral,Commonwealth of Independent States (CIS),No,No,en,3,17,1650,97.05882352941177
293,pta_63.xml,US - Jordan,In Force,2000-10-24,2001-12-17,2002-01-15,2010-12-31,"['JOR', 'USA']",Bilateral,Middle East; North America,Yes,Yes,en,3,21,8320,396.1904761904762
294,pta_62.xml,Japan - Singapore,In Force,2002-01-13,2002-11-30,2002-11-08,2022-12-31,"['SGP', 'JPN']",Bilateral,East Asia,Yes,No,en,24,155,22318,143.98709677419356
295,pta_76.xml,Georgia - Russian Federation,In Force,1994-02-03,1994-05-10,2001-02-08,1994-12-31,"['GEO', 'RUS']",Bilateral,Commonwealth of Independent States (CIS),Yes,No,en,3,24,1824,76.0
296,pta_106.xml,Faroe Islands - Norway,In Force,1992-08-28,1993-07-01,1996-02-12,1993-12-31,"['NOR', 'FRO']",Bilateral,Europe,No,No,en,2,30,2905,96.83333333333333
297,pta_112.xml,North American Free Trade Agreement (NAFTA),In Force,1992-12-17,1994-01-01,1993-01-29,2008-12-30,"['USA', 'MEX', 'CAN']",Plurilateral,North America,Yes,No,en,24,298,77280,259.3288590604027
298,pta_89.xml,Melanesian Spearhead Group (MSG),In Force,1993-07-22,1994-01-01,1999-08-03,1994-12-31,"['FJI', 'VUT', 'PNG', 'SLB']",Plurilateral,Oceania,Yes,No,en,2,22,3020,137.27272727272728
299,pta_304.xml,Slovenia - Croatia,Inactive,1997-12-12,1998-01-01,1998-03-30,,"['SVN', None, 'HRV']",Bilateral,Europe,Yes,No,en,5,42,4537,108.02380952380952
300,pta_310.xml,South Africa - Southern Rhodesia Customs Union,Inactive,1948-12-06,1949-04-01,1949-03-10,,"['ZWE', 'ZAF', None]",Bilateral,Africa,Yes,No,en,1,1,712,712.0
301,pta_338.xml,Chile - Colombia,In Force,2006-11-27,2009-05-08,2009-08-14,2012-12-30,"['CHL', 'COL']",Bilateral,South America,Yes,No,es,24,226,48882,216.2920353982301
302,pta_270.xml,Hungary - Latvia,Inactive,1999-06-10,2000-01-01,2000-01-13,,"[None, 'LVA', 'HUN']",Bilateral,Europe,Yes,No,en,6,40,4422,110.55
303,pta_264.xml,Finland - Lithuania Protocol,Inactive,1992-06-05,1993-07-01,1992-12-01,,"['LTU', 'FIN', None]",Bilateral,Europe,Yes,No,en,3,15,1097,73.13333333333334
304,pta_258.xml,Estonia - Norway Free Trade Agreement,Inactive,1992-06-15,1992-06-15,1992-10-23,,"['EST', None, 'NOR']",Bilateral,Europe,Yes,No,en,3,27,2580,95.55555555555556
305,pta_8.xml,Trans-Pacific Strategic Economic Partnership,In Force,2005-07-18,2006-05-28,2007-05-18,2017-12-31,"['CHL', 'NZL', 'BRN', 'SGP']",Plurilateral,East Asia; South America; Oceania,Yes,Yes,en,22,198,30471,153.8939393939394
306,pta_260.xml,Estonia - Switzerland Free Trade Agreement,Inactive,1992-12-21,1993-04-01,1993-05-28,,"['EST', 'CHE', None]",Bilateral,Europe,Yes,No,en,3,34,3765,110.73529411764706
307,pta_274.xml,Ireland - United Kingdom Free Trade Area,Inactive,1965-12-14,1966-07-01,1966-01-20,,"['IRL', 'GBR', None]",Bilateral,Europe,Yes,No,en,3,29,7129,245.82758620689654
308,pta_248.xml,EFTA - Latvia,Inactive,1995-12-07,1996-06-01,1996-07-25,,"['ISL', 'CHE', 'LIE', 'NOR', None, 'LVA']",Plurilateral,Europe,Yes,No,en,3,41,5369,130.9512195121951
309,pta_314.xml,Turkey - Poland,Inactive,1999-10-04,2000-05-01,2000-06-29,,"['TUR', 'POL', None]",Bilateral,Europe,Yes,No,en,6,42,4832,115.04761904761905
310,pta_300.xml,Slovak Republic - Lithuania,Inactive,1996-11-27,1997-11-14,1997-01-18,,"['SVK', 'LTU', None]",Bilateral,Europe,Yes,No,en,6,42,4679,111.4047619047619
311,pta_328.xml,ASEAN - India,In Force,2009-08-13,2010-01-01,2010-08-19,2024-12-30,"['MMR', 'MYS', 'THA', 'IDN', 'BRN', 'LAO', 'KHM', 'IND', 'PHL', 'VNM', 'SGP']",Bilateral; One Party is an RTA,East Asia; West Asia,Yes,Yes,en,3,26,3508,134.92307692307693
312,pta_116.xml,Andean Community (CAN),In Force,1987-05-12,1988-05-25,1990-10-01,2008-12-30,"['COL', 'BOL', 'ECU', 'PER', 'VEN']",Plurilateral,South America,Yes,No,en,18,157,16926,107.80891719745223
313,pta_102.xml,EU - Palestinian Authority,In Force,1997-02-24,1997-07-01,1997-05-29,2002-12-31,"['ESP', 'CYP', 'DEU', 'CZE', 'SWE', 'SVK', 'AUT', 'ROU', 'HUN', 'EST', 'BGR', 'LTU', 'LUX', 'DNK', 'FRA', 'GBR', 'MLT', 'SVN', 'PRT', 'BEL', 'IRL', 'NLD', 'FIN', 'POL', 'HRV', 'PSE', 'ITA', 'GRC', 'LVA']",Bilateral; One Party is an RTA,Europe; Middle East,No,Yes,en,11,76,7268,95.63157894736842
314,pta_99.xml,Turkey - Israel,In Force,1996-03-14,1997-05-01,1998-04-16,2000-12-30,"['TUR', 'ISR']",Bilateral,Middle East; Europe,Yes,Yes,en,7,38,4224,111.15789473684211
315,pta_72.xml,Israel - Mexico,In Force,2000-04-10,2000-07-01,2001-02-22,2005-12-31,"['MEX', 'ISR']",Bilateral,Middle East; North America,Yes,Yes,en,14,112,27320,243.92857142857142
316,pta_66.xml,EFTA - Jordan,In Force,2001-06-21,2002-09-01,2002-01-17,2014-12-31,"['ISL', 'JOR', 'CHE', 'LIE', 'NOR']",Bilateral; One Party is an RTA,Europe; Middle East,Yes,Yes,en,3,43,5505,128.02325581395348
317,pta_67.xml,EFTA - Croatia,Inactive,2001-06-21,2002-04-01,2002-01-14,2009-12-31,"['ISL', 'CHE', 'LIE', 'NOR', None, 'HRV']",Plurilateral,Europe,Yes,No,en,3,42,5119,121.88095238095238
318,pta_73.xml,Georgia - Armenia,In Force,1995-08-14,1998-11-11,2001-02-08,1998-12-31,"['GEO', 'ARM']",Bilateral,Commonwealth of Independent States (CIS),Yes,No,en,3,23,1599,69.52173913043478
319,pta_98.xml,EU - Tunisia,In Force,1995-07-07,1998-03-01,1999-01-15,2009-12-31,"['ESP', 'CYP', 'DEU', 'CZE', 'SWE', 'SVK', 'AUT', 'ROU', 'HUN', 'EST', 'TUN', 'BGR', 'LTU', 'LUX', 'DNK', 'FRA', 'GBR', 'MLT', 'SVN', 'PRT', 'BEL', 'IRL', 'NLD', 'FIN', 'POL', 'HRV', 'ITA', 'GRC', 'LVA']",Bilateral; One Party is an RTA,Europe; Africa,Yes,Yes,en,16,97,9855,101.5979381443299
320,pta_103.xml,EU - Faroe Islands,In Force,1996-12-06,1997-01-01,1997-02-17,1997-12-31,"['ESP', 'CYP', 'DEU', 'CZE', 'SWE', 'SVK', 'AUT', 'ROU', 'HUN', 'EST', 'BGR', 'LTU', 'LUX', 'DNK', 'FRA', 'GBR', 'MLT', 'SVN', 'PRT', 'BEL', 'IRL', 'NLD', 'FIN', 'POL', 'HRV', 'ITA', 'GRC', 'LVA', 'FRO']",Bilateral; One Party is an RTA,Europe,No,No,en,3,42,4112,97.9047619047619
321,pta_117.xml,Economic Cooperation Organization (ECO),In Force,2003-07-17,1992-02-17,1992-07-10,2015-12-31,"['IRN', 'TUR', 'PAK']",Plurilateral,Middle East; West Asia; Europe,No,Yes,en,4,39,5182,132.87179487179486
322,pta_329.xml,Chile - Malaysia,In Force,2010-11-13,2012-02-25,2013-02-12,2016-12-30,"['CHL', 'MYS']",Bilateral,South America; East Asia,Yes,Yes,en,16,123,15738,127.95121951219512
323,pta_301.xml,Slovak Republic - Romania Free Trade Agreement,Inactive,1994-06-01,1995-01-01,1996-06-07,,"['SVK', None, 'ROU']",Bilateral,Europe,Yes,No,en,5,41,4677,114.07317073170732
324,pta_315.xml,Turkey - Slovenia,Inactive,1998-05-05,2000-06-01,2002-03-06,,"['SVN', 'TUR', None]",Bilateral,Europe,Yes,No,en,5,42,4444,105.80952380952381
325,pta_249.xml,EFTA - Lithuania,Inactive,1995-12-07,1996-08-01,1996-07-25,,"['ISL', 'LTU', 'CHE', 'LIE', 'NOR', None]",Plurilateral,Europe,Yes,No,en,3,42,5488,130.66666666666666
326,pta_275.xml,Latin American Free Trade Area (LAFTA),Inactive,1960-02-18,1961-06-02,1959-11-05,,"['BRA', 'PER', 'PRY', 'ARG', 'CHL', 'URY', None, 'MEX']",Plurilateral,South America; North America,Yes,Yes,en,14,67,5078,75.7910447761194
327,pta_261.xml,Estonia - Ukraine,Inactive,1995-05-24,1996-03-14,2000-07-25,,"['EST', 'UKR', None]",Bilateral,Europe; Commonwealth of Independent States (CIS),Yes,Yes,en,3,30,3054,101.8
328,pta_277.xml,Latvia - Sweden Free Trade Agreement,Inactive,1992-03-10,1992-07-01,1992-07-03,,"['SWE', 'LVA', None]",Bilateral,Europe,Yes,No,en,3,27,2817,104.33333333333333
329,pta_263.xml,Finland - Latvia Protocol,Inactive,1992-11-26,1993-07-01,1992-12-01,,"['LVA', 'FIN', None]",Bilateral,Europe,Yes,No,en,2,14,1122,80.14285714285714
330,pta_288.xml,Poland - Israel,Inactive,1998-01-07,1998-03-01,1999-02-25,,"[None, 'POL', 'ISR']",Bilateral,Middle East; Europe,Yes,Yes,en,6,42,4585,109.16666666666667
331,pta_303.xml,Slovenia - Bosnia and Herzegovina,Inactive,2001-10-03,2002-01-01,2002-01-21,,"['BIH', 'SVN', None]",Bilateral,Europe,No,No,en,4,37,4495,121.48648648648648
332,pta_317.xml,Yaoundé II,Inactive,1969-07-29,1971-01-01,1969-12-10,,"['BDI', 'MLI', 'MRT', 'BFA', 'RWA', 'TCD', 'DEU', 'COG', 'CMR', 'LUX', 'NER', 'CAF', 'SEN', 'CIV', 'FRA', 'GAB', 'BEL', 'NLD', 'MUS', 'TGO', 'ITA', None, 'SOM', 'MDG']",Plurilateral,Europe; Africa,No,Yes,en,9,67,6309,94.16417910447761
333,pta_101.xml,Canada - Chile,In Force,1996-12-05,1997-07-05,1997-07-30,2014-12-31,"['CHL', 'CAN']",Bilateral,North America; South America,Yes,Yes,en,18,179,39185,218.91061452513966
334,pta_115.xml,ASEAN Free Trade Area (AFTA),In Force,1992-01-28,1993-01-01,1992-10-30,2018-12-31,"['MMR', 'MYS', 'THA', 'IDN', 'BRN', 'LAO', 'KHM', 'PHL', 'VNM', 'SGP']",Plurilateral,East Asia,Yes,No,en,3,12,2156,179.66666666666666
335,pta_129.xml,EU - Norway,In Force,1973-05-14,1973-07-01,1973-07-13,1984-12-30,"['ESP', 'CYP', 'DEU', 'CZE', 'SVK', 'SWE', 'AUT', 'ROU', 'HUN', 'EST', 'BGR', 'LTU', 'LUX', 'DNK', 'FRA', 'GBR', 'MLT', 'SVN', 'PRT', 'BEL', 'IRL', 'NLD', 'FIN', 'NOR', 'POL', 'HRV', 'ITA', 'GRC', 'LVA']",Bilateral; One Party is an RTA,Europe,Yes,No,en,3,38,3412,89.78947368421052
336,pta_65.xml,EU - Mexico,In Force,1997-12-08,2000-07-01,2000-07-25,2010-12-31,"['ESP', 'CYP', 'DEU', 'CZE', 'SWE', 'SVK', 'AUT', 'ROU', 'MEX', 'HUN', 'EST', 'BGR', 'LTU', 'LUX', 'DNK', 'FRA', 'GBR', 'MLT', 'SVN', 'PRT', 'BEL', 'IRL', 'NLD', 'FIN', 'POL', 'HRV', 'ITA', 'GRC', 'LVA']",Bilateral; One Party is an RTA,Europe; North America,Yes,Yes,en,14,48,7558,157.45833333333334
337,pta_71.xml,Chile - Mexico,In Force,1998-04-17,1999-08-01,2001-02-27,2006-12-31,"['CHL', 'MEX']",Bilateral,South America; North America,Yes,Yes,es,21,260,54075,207.98076923076923
338,pta_59.xml,Canada - Costa Rica,In Force,2001-04-23,2002-11-01,2003-01-13,2016-12-30,"['CRI', 'CAN']",Bilateral,North America; Central America,Yes,Yes,en,16,116,28039,241.7155172413793
339,pta_58.xml,EFTA - Singapore,In Force,2002-06-26,2003-01-01,2003-01-14,2003-12-31,"['ISL', 'CHE', 'LIE', 'NOR', 'SGP']",Bilateral; One Party is an RTA,Europe; East Asia,Yes,Yes,en,12,75,12498,166.64
340,pta_70.xml,EFTA - Mexico,In Force,2000-11-27,2001-07-01,2001-07-25,2011-12-31,"['ISL', 'CHE', 'LIE', 'NOR', 'MEX']",Bilateral; One Party is an RTA,Europe; North America,Yes,Yes,en,10,81,14267,176.1358024691358
341,pta_64.xml,India - Sri Lanka,In Force,1998-12-28,2001-12-15,2002-06-17,2008-12-30,"['IND', 'LKA']",Bilateral,West Asia,Yes,No,en,3,19,1933,101.73684210526316
342,pta_128.xml,Caribbean Community and Common Market (CARICOM),In Force,1973-07-04,1973-08-01,1974-10-14,1985-12-31,"['GRD', 'BHS', 'VCT', 'SUR', 'ATG', 'LCA', 'DMA', 'HTI', 'TTO', 'MSR', 'JAM', 'BLZ', 'KNA', 'BRB', 'GUY']",Plurilateral,Caribbean; Central America; South America,No,Yes,en,6,35,3073,87.8
343,pta_114.xml,EFTA - Israel,In Force,1992-09-17,1993-01-01,1992-11-30,2003-12-31,"['ISL', 'CHE', 'LIE', 'NOR', 'ISR']",Bilateral; One Party is an RTA,Europe; Middle East,Yes,Yes,en,3,40,4914,122.85
344,pta_100.xml,EU - Andorra,In Force,1991-06-28,1991-07-01,1998-02-23,1996-12-30,"['ESP', 'CYP', 'DEU', 'CZE', 'SVK', 'SWE', 'AUT', 'ROU', 'HUN', 'AND', 'EST', 'BGR', 'LTU', 'LUX', 'DNK', 'FRA', 'GBR', 'MLT', 'SVN', 'PRT', 'BEL', 'IRL', 'NLD', 'FIN', 'POL', 'HRV', 'ITA', 'GRC', 'LVA']",Bilateral; One Party is an RTA,Europe,No,No,en,5,26,2417,92.96153846153847
345,pta_316.xml,Yaoundé I,Inactive,1963-07-20,1964-01-01,1964-03-31,,"['BDI', 'MLI', 'MRT', 'BFA', 'RWA', 'TCD', 'DEU', 'COG', 'BEN', 'CMR', 'LUX', 'NER', 'CAF', 'SEN', 'CIV', 'FRA', 'GAB', 'BEL', 'NLD', 'TGO', 'ITA', None, 'SOM', 'MDG']",Plurilateral,Europe; Africa,No,Yes,en,10,64,5474,85.53125
346,pta_302.xml,Slovak Republic - Turkey,Inactive,1997-10-20,1998-08-01,1999-03-24,,"['SVK', 'TUR', None]",Bilateral,Europe,Yes,No,en,6,40,4651,116.275
347,pta_289.xml,Poland - Latvia,Inactive,1997-04-28,1999-06-01,1999-09-29,,"['POL', 'LVA', None]",Bilateral,Europe,Yes,No,en,5,41,5303,129.34146341463415
348,pta_262.xml,Finland - Estonia Protocol,Inactive,1992-02-13,1992-12-01,1992-12-01,,"['EST', 'FIN', None]",Bilateral,Europe,Yes,No,en,3,15,1037,69.13333333333334
349,pta_276.xml,Latvia - Norway Free Trade Agreement,Inactive,1992-06-15,1992-06-16,1992-10-23,,"[None, 'LVA', 'NOR']",Bilateral,Europe,Yes,No,en,3,28,2795,99.82142857142857
350,pta_239.xml,EC - Syria Interim Agreement of 1977,Inactive,1977-01-18,1977-07-01,1977-07-15,,"['BEL', 'IRL', 'NLD', 'DEU', 'LUX', 'DNK', 'FRA', 'GBR', 'ITA', None]",Plurilateral,Europe,Yes,No,en,7,51,4922,96.50980392156863
351,pta_211.xml,EC - Czech and Slovak Federal Republic Interim Agreement,Inactive,1991-12-16,1992-03-01,1992-04-03,,"['ESP', 'PRT', 'BEL', 'IRL', 'NLD', 'DEU', 'LUX', 'CZE', 'DNK', 'SVK', 'FRA', 'GBR', 'ITA', None, 'GRC']",Plurilateral,Europe,Yes,No,en,7,50,5573,111.46
352,pta_205.xml,Czech Republic - Turkey,Inactive,1997-10-03,1998-09-01,1999-03-24,,"['TUR', None, 'CZE']",Bilateral,Europe,Yes,No,en,6,39,4659,119.46153846153847
353,pta_359.xml,Ukraine -Turkmenistan,In Force,1994-11-05,1995-11-04,2008-08-18,1995-12-31,"['TKM', 'UKR']",Bilateral,Commonwealth of Independent States (CIS),No,No,en,3,15,1312,87.46666666666667
354,pta_365.xml,EFTA - Albania,In Force,2009-12-17,2010-11-01,2011-02-07,2010-12-31,"['ALB', 'ISL', 'CHE', 'LIE', 'NOR']",Bilateral; One Party is an RTA,Europe,Yes,No,en,10,45,6201,137.8
355,pta_403.xml,The Cross-Straits Economic Cooperation Framework Agreement (ECFA),Early announcement-Signed,2010-06-29,2010-09-12,,,"['CHN', 'TWN']",,East Asia,Yes,No,en,7,18,1942,107.88888888888889
356,pta_417.xml,Mexico - Panama,In Force,2014-04-03,2015-07-01,2016-06-06,,"['PAN', 'MEX']",Bilateral,North America; Central America,Yes,Yes,es,22,270,64650,239.44444444444446
357,pta_371.xml,EFTA - SACU,In Force,2006-06-26,2008-05-01,2008-10-29,2015-12-31,"['ZAF', 'ISL', 'BWA', 'SWZ', 'CHE', 'LSO', 'LIE', 'NOR', 'NAM']",Bilateral; All Parties are RTAs,Africa; Europe,Yes,Yes,en,9,46,6630,144.1304347826087
358,pta_167.xml,Albania - Former Yugoslav Republic of Macedonia,Inactive,2002-03-29,2002-07-01,2004-12-14,,"['ALB', None, 'MKD']",Bilateral,Europe,Yes,No,en,5,41,4701,114.65853658536585
359,pta_173.xml,Arusha  Agreement,Inactive,1969-09-24,1971-01-01,1970-03-13,,"['KEN', 'BEL', 'NLD', 'DEU', 'LUX', 'UGA', 'FRA', 'ITA', 'TZA', None]",Plurilateral,Europe; Africa,Yes,Yes,en,7,37,4068,109.94594594594595
360,pta_198.xml,Czech Republic - Estonia,Inactive,1996-04-19,1998-02-12,1998-08-06,,"['EST', None, 'CZE']",Bilateral,Europe,Yes,No,en,6,43,4886,113.62790697674419
361,pta_17.xml,US - Bahrain,In Force,2005-09-14,2006-08-01,2006-09-08,2015-12-31,"['USA', 'BHR']",Bilateral,Middle East; North America,Yes,Yes,en,23,195,47536,243.77435897435896
362,pta_16.xml,EU - Algeria,In Force,2002-04-22,2005-09-01,2006-07-24,2017-12-31,"['ESP', 'CYP', 'DEU', 'CZE', 'SVK', 'SWE', 'AUT', 'ROU', 'HUN', 'EST', 'LTU', 'BGR', 'LUX', 'DNK', 'FRA', 'GBR', 'MLT', 'SVN', 'DZA', 'PRT', 'BEL', 'IRL', 'NLD', 'FIN', 'POL', 'HRV', 'ITA', 'GRC', 'LVA']",Bilateral; One Party is an RTA,Africa; Europe,No,Yes,en,17,109,13132,120.4770642201835
363,pta_199.xml,Czech Republic - Israel,Inactive,1996-05-20,1997-12-01,1998-03-25,,"['ISR', None, 'CZE']",Bilateral,Europe; Middle East,Yes,Yes,en,6,41,5094,124.2439024390244
364,pta_172.xml,Arab Common Market,Inactive,1964-08-13,1965-01-01,1965-03-05,,"['MRT', 'JOR', 'SYR', 'IRQ', 'LBY', None, 'YEM', 'EGY']",Plurilateral,Africa; Middle East,No,Yes,en,6,22,1913,86.95454545454545
365,pta_166.xml,Albania - Bulgaria,Inactive,2003-03-26,2003-09-01,2004-03-31,,"['ALB', 'BGR', None]",Bilateral,Europe,Yes,No,en,6,38,4756,125.15789473684211
366,pta_416.xml,EFTA - Central America (Costa Rica and Panama),In Force,2013-06-24,2014-08-19,2014-11-19,2028-12-30,"['ISL', 'PAN', 'CHE', 'LIE', 'NOR', 'CRI']",Plurilateral; One Party is an RTA,Central America; Europe,Yes,Yes,en,15,138,19842,143.7826086956522
367,pta_370.xml,GUAM,In Force,2002-07-20,2003-12-10,2017-04-03,,"['AZE', 'GEO', 'UKR', 'MDA']",Plurilateral,Commonwealth of Independent States (CIS),No,No,en,3,29,3355,115.6896551724138
368,pta_364.xml,Agadir Agreement,In Force,2004-02-25,2007-03-27,2016-02-22,,"['JOR', 'TUN', 'MAR', 'EGY']",Plurilateral,Africa; Middle East,Yes,Yes,en,8,36,4182,116.16666666666667
369,pta_402.xml,EU - Serbia,In Force,2008-04-29,2010-02-01,2010-05-31,2014-12-31,"['ESP', 'SRB', 'CYP', 'DEU', 'CZE', 'SVK', 'SWE', 'AUT', 'ROU', 'HUN', 'EST', 'BGR', 'LTU', 'LUX', 'DNK', 'FRA', 'GBR', 'MLT', 'SVN', 'PRT', 'BEL', 'IRL', 'NLD', 'FIN', 'POL', 'HRV', 'ITA', 'GRC', 'LVA']",Bilateral; One Party is an RTA,Europe,No,No,en,18,140,19557,139.69285714285715
370,pta_358.xml,Ukraine - Tajikistan,In Force,2001-07-06,2002-07-11,2008-08-18,2002-12-31,"['UKR', 'TJK']",Bilateral,Commonwealth of Independent States (CIS),Yes,No,en,3,16,1827,114.1875
371,pta_204.xml,Czech Republic - Slovenia,Inactive,1993-12-15,1994-01-01,1994-05-04,,"['SVN', None, 'CZE']",Bilateral,Europe,Yes,No,en,5,41,4148,101.17073170731707
372,pta_210.xml,EC - Cyprus Association Agreement,Inactive,1972-12-19,1973-06-01,1973-06-13,,"['BEL', 'IRL', 'CYP', 'DEU', 'LUX', 'NLD', 'DNK', 'FRA', 'GBR', 'ITA', None]",Plurilateral,Europe,Yes,No,en,4,20,1675,83.75
373,pta_238.xml,EC - Sweden Agreement,Inactive,1972-07-22,1973-01-01,1972-11-30,,"['BEL', 'IRL', 'NLD', 'DEU', 'LUX', 'DNK', 'SWE', 'FRA', 'GBR', 'ITA', None]",Plurilateral,Europe,Yes,No,en,2,37,3317,89.64864864864865
374,pta_206.xml,EC - Algeria,Inactive,1976-04-26,1976-07-01,1976-07-28,,"['DZA', 'BEL', 'IRL', 'NLD', 'DEU', 'LUX', 'DNK', 'FRA', 'GBR', 'ITA', None]",Plurilateral,Africa; Europe,No,Yes,en,16,110,13025,118.4090909090909
375,pta_212.xml,EC - Czech Republic Europe Agreement,Inactive,1993-10-04,1995-02-01,1996-05-13,,"['ESP', 'PRT', 'BEL', 'IRL', 'NLD', 'DEU', 'LUX', 'CZE', 'DNK', 'SWE', 'AUT', 'FRA', 'GBR', 'FIN', 'ITA', 'GRC', None]",Plurilateral,Europe,Yes,No,en,18,124,15204,122.61290322580645
376,pta_428.xml,EU - Rep. of  Moldova,In Force,2014-06-27,2014-09-01,2014-06-30,2024-12-30,"['ESP', 'CYP', 'DEU', 'CZE', 'SVK', 'SWE', 'AUT', 'ROU', 'HUN', 'EST', 'BGR', 'LTU', 'LUX', 'MDA', 'DNK', 'FRA', 'GBR', 'MLT', 'SVN', 'PRT', 'BEL', 'IRL', 'NLD', 'FIN', 'POL', 'HRV', 'ITA', 'GRC', 'LVA']",Bilateral; One Party is an RTA,Europe; Commonwealth of Independent States (CIS),Yes,Yes,en,51,464,69647,150.10129310344828
377,pta_372.xml,Japan - Philippines,In Force,2006-09-09,2008-12-11,2008-12-11,2023-12-31,"['PHL', 'JPN']",Bilateral,East Asia,Yes,No,en,18,167,25580,153.17365269461078
378,pta_414.xml,Dominican Republic - Central America,In Force,1998-04-16,2001-10-04,2012-01-06,2004-12-30,"['SLV', 'NIC', 'HND', 'DOM', 'GTM', 'CRI']",Plurilateral,Central America; Caribbean,Yes,Yes,es,22,213,31224,146.59154929577466
379,pta_400.xml,Turkey - Montenegro,In Force,2008-11-26,2010-03-01,2010-03-12,2015-12-31,"['TUR', 'MNE']",Bilateral,Europe,Yes,No,en,6,38,4401,115.8157894736842
380,pta_366.xml,EFTA - Serbia,In Force,2009-12-17,2010-10-01,2010-11-24,2014-12-31,"['ISL', 'SRB', 'CHE', 'LIE', 'NOR']",Bilateral; One Party is an RTA,Europe,No,No,en,10,47,6122,130.25531914893617
381,pta_399.xml,"Korea, Republic of - Turkey",In Force,2012-08-01,2013-05-01,2013-04-30,2023-12-31,"['TUR', 'KOR']",Bilateral,East Asia; Europe,Yes,Yes,en,10,64,10398,162.46875
382,pta_158.xml,US - Oman,In Force,2006-01-19,2009-01-01,2009-01-30,2018-12-31,"['OMN', 'USA']",Bilateral,Middle East; North America,Yes,Yes,en,24,221,59023,267.07239819004525
383,pta_170.xml,Albania - Serbia and Montenegro,Inactive,2003-11-13,2004-09-01,2004-10-19,,"['ALB', 'SRB', None, 'MNE']",Plurilateral,Europe,No,No,en,6,42,4887,116.35714285714286
384,pta_164.xml,African Common Market,Inactive,1962-04-01,1963-07-01,1962-09-25,,"['MLI', 'DZA', 'MAR', 'GHA', None, 'GIN']",Plurilateral,Africa,No,No,en,7,21,1464,69.71428571428571
385,pta_28.xml,Mexico - Nicaragua,Inactive,1997-12-18,1998-07-01,2005-10-17,2012-12-30,"['NIC', 'MEX']",Bilateral,North America; Central America,Yes,Yes,es,24,321,76880,239.50155763239874
386,pta_14.xml,Pan-Arab Free Trade Area (PAFTA),In Force,1997-02-19,1998-01-01,2006-10-03,2005-12-31,"['KWT', 'QAT', 'OMN', 'LBN', 'JOR', 'TUN', 'ARE', 'MAR', 'SAU', 'IRQ', 'SYR', 'LBY', 'SDN', 'YEM', 'BHR', 'EGY']",Plurilateral,Middle East; Africa,No,Yes,en,8,27,2637,97.66666666666667
387,pta_15.xml,Gulf Cooperation Council (GCC),In Force,2001-12-31,2003-01-01,,2007-12-31,"['QAT', 'OMN', 'ARE', 'SAU', 'BHR', 'KWT']",Plurilateral,Middle East,Yes,No,en,11,35,2814,80.4
388,pta_29.xml,EU - Chile,In Force,2002-11-18,2003-02-01,2004-02-03,2013-12-31,"['ESP', 'CYP', 'DEU', 'CZE', 'CHL', 'SWE', 'AUT', 'SVK', 'ROU', 'HUN', 'EST', 'BGR', 'LTU', 'LUX', 'DNK', 'FRA', 'GBR', 'MLT', 'SVN', 'PRT', 'BEL', 'IRL', 'NLD', 'FIN', 'POL', 'HRV', 'ITA', 'GRC', 'LVA']",Bilateral; One Party is an RTA,Europe; South America,Yes,Yes,en,29,204,32002,156.87254901960785
389,pta_165.xml,Albania - Bosnia and Herzegovina,Inactive,2003-04-28,2004-12-01,2004-12-14,,"['ALB', 'BIH', None]",Bilateral,Europe,No,No,en,5,41,5263,128.3658536585366
390,pta_171.xml,Albania - UNMIC/Kosovo,Inactive,2003-07-07,2003-10-01,2004-04-08,,"['ALB', 'RKS', None]",Bilateral,Europe,No,No,en,5,39,4853,124.43589743589743
391,pta_159.xml,"Korea, Republic of - US",In Force,2007-06-30,2012-03-15,2012-03-15,2031-12-31,"['USA', 'KOR']",Bilateral,East Asia; North America,Yes,Yes,en,26,272,74020,272.13235294117646
392,pta_398.xml,China - Rep. of Korea,In Force,2015-06-01,2015-12-20,2016-03-01,,"['CHN', 'KOR']",Bilateral,East Asia,Yes,No,en,23,307,47622,155.12052117263843
393,pta_401.xml,Rep. of Korea - Viet Nam,In Force,2015-05-05,2015-12-20,2016-03-02,,"['VNM', 'KOR']",Bilateral,East Asia,Yes,No,en,18,199,37551,188.69849246231155
394,pta_367.xml,EFTA - Ukraine,In Force,2010-06-24,2012-06-01,2012-06-18,2022-12-31,"['ISL', 'CHE', 'LIE', 'UKR', 'NOR']",Bilateral; One Party is an RTA,Europe; Commonwealth of Independent States (CIS),Yes,Yes,en,12,97,11813,121.78350515463917
395,pta_373.xml,EU - Côte d'Ivoire,In Force,2008-11-26,2016-09-03,2008-12-11,2023-12-31,"['ESP', 'CYP', 'DEU', 'CZE', 'SVK', 'SWE', 'AUT', 'ROU', 'HUN', 'EST', 'BGR', 'LTU', 'LUX', 'DNK', 'CIV', 'FRA', 'GBR', 'MLT', 'SVN', 'PRT', 'BEL', 'IRL', 'NLD', 'FIN', 'POL', 'HRV', 'ITA', 'GRC', 'LVA']",Bilateral; One Party is an RTA,Europe; Africa,Yes,Yes,en,15,84,12932,153.95238095238096
396,pta_415.xml,EFTA - Montenegro,In Force,2011-11-14,2012-09-01,2012-10-24,2018-12-31,"['ISL', 'CHE', 'LIE', 'NOR', 'MNE']",Bilateral; One Party is an RTA,Europe,Yes,No,en,11,54,7067,130.87037037037038
397,pta_429.xml,Russian Federation - Belarus - Kazakhstan,In Force,1995-01-20,1997-12-03,2012-12-21,2015-12-31,"['RUS', 'BLR', 'KAZ']",Plurilateral,Commonwealth of Independent States (CIS),No,No,en,3,10,2250,225.0
398,pta_213.xml,EC - Egypt Agreement of 1972,Inactive,1972-12-18,1973-11-01,1973-10-11,,"['BEL', 'NLD', 'DEU', 'LUX', 'FRA', 'ITA', None, 'EGY']",Plurilateral,Europe; Africa,Yes,Yes,en,4,23,1369,59.52173913043478
399,pta_207.xml,EC - Austria Agreement of 1972,Inactive,1972-07-22,1972-10-01,1972-11-27,,"['BEL', 'IRL', 'NLD', 'DEU', 'LUX', 'DNK', 'AUT', 'FRA', 'GBR', 'ITA', None]",Plurilateral,Europe,Yes,No,en,3,38,3440,90.52631578947368
400,pta_203.xml,Czech Republic - Slovak Republic Customs Union,Inactive,1992-10-29,1993-01-01,1993-04-30,,"['SVK', None, 'CZE']",Bilateral,Europe,Yes,No,en,5,10,1369,136.9
401,pta_217.xml,EC - Finland Agreement,Inactive,1973-10-05,1974-01-01,1973-12-20,,"['BEL', 'IRL', 'NLD', 'DEU', 'LUX', 'DNK', 'FRA', 'GBR', 'FIN', 'ITA', None]",Plurilateral,Europe,Yes,No,en,3,37,3230,87.29729729729729
402,pta_411.xml,EU - Papua New Guinea / Fiji,In Force,2009-07-30,2009-12-20,2011-10-18,2023-12-31,"['ESP', 'CYP', 'DEU', 'CZE', 'SVK', 'SWE', 'AUT', 'ROU', 'HUN', 'EST', 'BGR', 'LTU', 'LUX', 'DNK', 'FRA', 'GBR', 'MLT', 'FJI', 'SVN', 'PRT', 'BEL', 'IRL', 'NLD', 'FIN', 'POL', 'HRV', 'PNG', 'ITA', 'GRC', 'LVA']",Plurilateral; One Party is an RTA,Europe; Oceania,Yes,Yes,en,14,84,13983,166.46428571428572
403,pta_377.xml,Turkey - Georgia,In Force,2007-11-21,2008-11-01,2009-02-18,2008-12-30,"['GEO', 'TUR']",Bilateral,Commonwealth of Independent States (CIS); Europe,Yes,Yes,en,7,38,3852,101.36842105263158
404,pta_363.xml,Pacific Island Countries Trade Agreement (PICTA),In Force,2001-08-18,2003-04-13,2008-08-28,2021-12-31,"['FJI', 'TUV', 'FSM', 'SLB', 'VUT', 'TON', 'PNG', 'NIU', 'KIR', 'NRU', 'COK', 'WSM']",Plurilateral,Oceania,No,No,en,7,33,8313,251.9090909090909
405,pta_405.xml,EFTA - Bosnia and Herzegovina,In Force,2013-06-24,2015-01-01,2015-01-06,2018-12-31,"['ISL', 'BIH', 'CHE', 'LIE', 'NOR']",Bilateral; One Party is an RTA,Europe,No,No,en,11,56,7907,141.19642857142858
406,pta_439.xml,Singapore - Chinese Taipei,In Force,2013-11-07,2014-04-19,2014-04-22,2028-12-30,"['SGP', 'TWN']",Bilateral,East Asia,Yes,No,en,19,156,27067,173.50641025641025
407,pta_388.xml,EU - Central America,In Force,2012-06-29,2013-08-01,2013-02-26,2027-12-31,"['ESP', 'SLV', 'CYP', 'DEU', 'CZE', 'SVK', 'SWE', 'AUT', 'GTM', 'ROU', 'HUN', 'EST', 'BGR', 'LTU', 'LUX', 'DNK', 'FRA', 'GBR', 'MLT', 'HND', 'SVN', 'PRT', 'PAN', 'BEL', 'IRL', 'NLD', 'FIN', 'CRI', 'POL', 'ITA', 'NIC', 'GRC', 'LVA']",Plurilateral; One Party is an RTA,Europe; Central America,Yes,Yes,en,46,365,66317,181.6904109589041
408,pta_175.xml,Borneo Free Trade Area,Inactive,1961-10-24,1962-01-01,1961-10-24,,['MYS'],,,,,en,2,26,3047,117.1923076923077
409,pta_161.xml,Pakistan - Malaysia,In Force,2007-11-08,2008-01-01,2008-02-19,2015-12-31,"['PAK', 'MYS']",Bilateral,East Asia; West Asia,Yes,Yes,en,16,138,21117,153.02173913043478
410,pta_149.xml,Japan - Indonesia,In Force,2007-08-20,2008-07-01,2008-06-27,2023-12-31,"['IDN', 'JPN']",Bilateral,East Asia,Yes,No,en,17,155,25032,161.4967741935484
411,pta_11.xml,EU - Albania,In Force,2006-06-12,2006-12-01,2007-03-07,2011-12-31,"['ESP', 'CYP', 'DEU', 'CZE', 'SVK', 'SWE', 'AUT', 'ROU', 'HUN', 'EST', 'LTU', 'BGR', 'LUX', 'DNK', 'FRA', 'GBR', 'MLT', 'SVN', 'PRT', 'BEL', 'IRL', 'NLD', 'FIN', 'POL', 'HRV', 'ALB', 'ITA', 'GRC', 'LVA']",Bilateral; One Party is an RTA,Europe,Yes,No,en,20,137,16914,123.45985401459853
412,pta_39.xml,EFTA - Chile,In Force,2003-06-26,2004-12-01,2004-12-03,2010-12-31,"['ISL', 'CHE', 'LIE', 'CHL', 'NOR']",Bilateral; One Party is an RTA,South America; Europe,Yes,Yes,en,14,110,15595,141.77272727272728
413,pta_38.xml,ASEAN - China,In Force,2004-11-29,2005-01-01,2005-09-21,2020-12-30,"['MMR', 'MYS', 'THA', 'IDN', 'BRN', 'LAO', 'KHM', 'CHN', 'PHL', 'VNM', 'SGP']",Bilateral; One Party is an RTA,East Asia,Yes,No,en,3,25,2989,119.56
414,pta_10.xml,Panama - Singapore,In Force,2006-03-01,2006-07-24,2007-04-04,2016-12-30,"['PAN', 'SGP']",Bilateral,Central America; East Asia,Yes,Yes,en,20,199,36149,181.6532663316583
415,pta_148.xml,Japan - Viet Nam,In Force,2008-12-25,2009-10-01,2009-10-01,2026-12-31,"['VNM', 'JPN']",Bilateral,East Asia,Yes,No,en,16,131,18096,138.13740458015266
416,pta_160.xml,Malaysia - Australia,In Force,2012-05-22,2013-01-01,2013-05-13,2026-12-31,"['MYS', 'AUS']",Bilateral,Oceania; East Asia,Yes,Yes,en,23,244,37211,152.50409836065575
417,pta_174.xml,Australia - New Zealand Free Trade Agreement,Inactive,1965-08-31,1966-01-01,1965-10-22,,"['NZL', 'AUS', None]",Bilateral,Oceania,Yes,No,en,3,19,4289,225.73684210526315
418,pta_389.xml,China - Costa Rica,In Force,2010-04-08,2011-08-01,2012-02-27,2025-12-31,"['CRI', 'CHN']",Bilateral,East Asia; Central America,Yes,Yes,en,18,170,26713,157.13529411764705
419,pta_438.xml,Pacific Alliance,In Force,2014-02-10,2016-05-01,2016-11-03,2033-12-31,"['CHL', 'MEX', 'COL', 'PER']",Plurilateral,South America; North America,Yes,Yes,es,21,296,69426,234.5472972972973
420,pta_362.xml,Ukraine - Russian Federation,Inactive,1993-06-24,1994-02-21,2008-08-18,1994-12-31,"['UKR', 'RUS']",Bilateral,Commonwealth of Independent States (CIS),Yes,No,en,3,19,1822,95.89473684210526
421,pta_404.xml,"Korea, Republic of - India",In Force,2009-08-07,2010-01-01,,2019-12-31,"['IND', 'KOR']",Bilateral,West Asia; East Asia,Yes,Yes,en,17,199,35789,179.84422110552765
422,pta_410.xml,"Colombia - Northern Triangle (El Salvador, Guatemala, Honduras)",In Force,2007-08-09,2009-11-12,2012-08-31,2029-12-31,"['HND', 'SLV', 'COL', 'GTM']",Plurilateral,South America; Central America,Yes,Yes,es,23,222,52128,234.8108108108108
423,pta_376.xml,Switzerland - China,In Force,2013-07-06,2014-07-01,2014-06-30,2028-12-30,"['CHN', 'CHE']",Bilateral,East Asia; Europe,Yes,Yes,en,18,176,22708,129.02272727272728
424,pta_216.xml,EC - Faeroe Islands Agreement of 1992,Inactive,1991-12-02,1992-01-01,1995-10-25,,"['ESP', 'PRT', 'BEL', 'IRL', 'NLD', 'DEU', 'LUX', 'DNK', 'FRA', 'GBR', 'ITA', None, 'GRC', 'FRO']",Plurilateral,Europe,No,No,en,3,40,3425,85.625
425,pta_202.xml,Czech Republic - Romania Free Trade Agreement,Inactive,1994-10-24,1995-01-01,1996-06-07,,"['ROU', None, 'CZE']",Bilateral,Europe,Yes,No,en,5,41,4679,114.1219512195122
426,pta_214.xml,EC - Egypt Cooperation Agreement,Inactive,1977-01-18,1978-11-01,,,"['BEL', 'IRL', 'NLD', 'DEU', 'LUX', 'DNK', 'FRA', 'GBR', 'ITA', None, 'EGY']",Plurilateral,Europe; Africa,Yes,Yes,en,7,52,4727,90.90384615384616
427,pta_200.xml,Czech Republic - Latvia,Inactive,1996-04-15,1997-09-01,1997-11-13,,"[None, 'LVA', 'CZE']",Bilateral,Europe,Yes,No,en,6,43,4777,111.09302325581395
428,pta_228.xml,EC - Poland Europe Agreement,Inactive,1991-12-16,1994-02-01,1992-04-03,,"['ESP', 'PRT', 'BEL', 'IRL', 'NLD', 'DEU', 'LUX', 'DNK', 'FRA', 'GBR', 'ITA', None, 'GRC', 'POL']",Bilateral; One Party is an RTA,Europe,Yes,No,en,19,123,15012,122.04878048780488
429,pta_406.xml,Costa Rica - Peru,In Force,2011-05-26,2013-06-01,2013-06-05,2027-12-31,"['CRI', 'PER']",Bilateral,Central America; South America,Yes,Yes,es,21,248,58672,236.58064516129033
430,pta_360.xml,Ukraine - Uzbekistan,In Force,1994-12-29,1996-01-01,2008-08-18,1996-12-30,"['UKR', 'UZB']",Bilateral,Commonwealth of Independent States (CIS),No,No,en,3,17,1796,105.6470588235294
431,pta_374.xml,Chile - India,In Force,2006-03-08,2007-08-17,2009-01-13,2007-12-31,"['IND', 'CHL']",Bilateral,South America; West Asia,Yes,Yes,en,3,25,2096,83.84
432,pta_412.xml,Japan - Peru,In Force,2011-05-31,2012-03-01,2012-02-24,2027-12-31,"['JPN', 'PER']",Bilateral,East Asia; South America,Yes,Yes,en,18,227,35353,155.74008810572687
433,pta_348.xml,India - Bhutan,In Force,2006-07-28,2006-07-29,2008-06-30,2006-12-31,"['IND', 'BTN']",Bilateral,West Asia,No,No,en,3,13,1541,118.53846153846153
434,pta_162.xml,South Asian Free Trade Agreement (SAFTA),In Force,2004-01-06,2006-01-01,2008-04-21,2016-12-30,"['PAK', 'BTN', 'MDV', 'LKA', 'IND', 'AFG', 'BGD', 'NPL']",Plurilateral,West Asia,No,No,en,3,27,4535,167.96296296296296
435,pta_176.xml,Bulgaria - Bosnia and Herzegovina,Inactive,2003-10-16,2004-12-01,2005-03-11,,"['BIH', 'BGR', None]",Bilateral,Europe,No,No,en,5,42,5607,133.5
436,pta_12.xml,Turkey - Syria,In Force,2004-12-23,2007-01-01,2007-02-15,2018-12-31,"['TUR', 'SYR']",Bilateral,Middle East; Europe,No,Yes,en,7,51,5947,116.6078431372549
437,pta_189.xml,Central European Free Trade Agreement (CEFTA),Inactive,1992-12-21,1993-03-01,1994-06-30,,"['CZE', 'SVK', None, 'POL', 'HUN']",Plurilateral,Europe,Yes,No,en,5,43,4175,97.09302325581395
438,pta_188.xml,Central American Free Trade Area,Inactive,1958-06-10,1959-06-02,1956-08-22,,"['SLV', 'NIC', 'HND', 'GTM', 'CRI', None]",Plurilateral,Central America,Yes,No,en,13,30,3880,129.33333333333334
439,pta_13.xml,EFTA - Lebanon,In Force,2004-06-24,2007-01-01,2006-12-22,2015-12-31,"['ISL', 'LBN', 'CHE', 'LIE', 'NOR']",Bilateral; One Party is an RTA,Europe; Middle East,No,Yes,en,11,43,5563,129.37209302325581
440,pta_177.xml,Bulgaria - Estonia,Inactive,2001-12-11,2002-01-01,2003-03-25,,"['EST', 'BGR', None]",Bilateral,Europe,Yes,No,en,6,40,4969,124.225
441,pta_163.xml,Panama - Chile,In Force,2006-06-27,2008-03-07,2008-04-17,2022-12-31,"['PAN', 'CHL']",Bilateral,South America; Central America,Yes,Yes,es,17,136,25222,185.4558823529412
442,pta_349.xml,EU - Bosnia and Herzegovina,In Force,2008-06-16,2008-07-01,2008-07-11,2013-12-31,"['ESP', 'CYP', 'DEU', 'CZE', 'SVK', 'SWE', 'AUT', 'ROU', 'HUN', 'EST', 'BIH', 'BGR', 'LTU', 'LUX', 'DNK', 'FRA', 'GBR', 'MLT', 'SVN', 'PRT', 'BEL', 'IRL', 'NLD', 'FIN', 'POL', 'HRV', 'ITA', 'GRC', 'LVA']",Bilateral; One Party is an RTA,Europe,No,No,en,17,134,18071,134.8582089552239
443,pta_375.xml,Turkey - Serbia,In Force,2009-06-01,2010-09-01,2010-08-10,2015-12-31,"['SRB', 'TUR']",Bilateral,Europe,No,No,en,6,39,4383,112.38461538461539
444,pta_413.xml,Treaty on a Free Trade Area between members of the Commonwealth of Independent States (CIS),In Force,2011-10-18,2012-09-20,2013-06-06,2020-12-30,"['MDA', 'UKR', 'RUS', 'TJK', 'KAZ', 'KGZ', 'ARM', 'BLR']",Plurilateral,Commonwealth of Independent States (CIS),No,No,en,3,27,4980,184.44444444444446
445,pta_407.xml,Panama - Peru,In Force,2011-05-25,2012-05-01,2012-04-23,2029-12-31,"['PAN', 'PER']",Bilateral,Central America; South America,Yes,Yes,es,24,292,70405,241.11301369863014
446,pta_361.xml,Common Economic Zone (CEZ),In Force,2003-09-19,2004-05-20,2008-08-18,2004-12-30,"['UKR', 'RUS', 'BLR', 'KAZ']",Plurilateral,Commonwealth of Independent States (CIS),No,No,en,3,13,1360,104.61538461538461
447,pta_229.xml,EC - Poland Interim Agreement of 1991,Inactive,1991-12-16,1992-03-01,1992-04-03,,"['ESP', 'PRT', 'BEL', 'IRL', 'NLD', 'DEU', 'LUX', 'DNK', 'FRA', 'GBR', 'ITA', None, 'GRC', 'POL']",Plurilateral,Europe,Yes,No,en,7,50,5314,106.28
448,pta_201.xml,Czech Republic - Lithuania,Inactive,1996-10-14,1997-07-01,1997-11-13,,"['LTU', None, 'CZE']",Bilateral,Europe,Yes,No,en,6,42,4660,110.95238095238095
449,pta_215.xml,EC - Estonia Agreement,Inactive,1994-07-18,1995-01-01,1995-06-30,,"['ESP', 'PRT', 'BEL', 'EST', 'IRL', 'DEU', 'LUX', 'NLD', 'DNK', 'FRA', 'GBR', 'ITA', None, 'GRC']",Plurilateral,Europe,Yes,No,en,8,51,5476,107.37254901960785
